x,z,t,T,x_norm,z_norm,t_norm,T_norm
1.0,0.0,0.0,20.0,0.3333333333333333,0.0,0.0,0.0
1.0,0.0,5.01,20.0,0.3333333333333333,0.0,0.00835,0.0
1.0,0.0,10.0,20.2,0.3333333333333333,0.0,0.016666666666666666,0.000366300366300365
1.0,0.0,15.0,20.5,0.3333333333333333,0.0,0.025,0.0009157509157509158
1.0,0.0,20.0,20.9,0.3333333333333333,0.0,0.03333333333333333,0.0016483516483516457
1.0,0.0,25.0,21.6,0.3333333333333333,0.0,0.041666666666666664,0.002930402930402933
1.0,0.0,30.0,22.0,0.3333333333333333,0.0,0.05,0.003663003663003663
1.0,0.0,35.0,22.4,0.3333333333333333,0.0,0.058333333333333334,0.004395604395604393
1.0,0.0,40.0,22.6,0.3333333333333333,0.0,0.06666666666666667,0.004761904761904765
1.0,0.0,45.0,22.9,0.3333333333333333,0.0,0.075,0.005311355311355309
1.0,0.0,50.0,23.4,0.3333333333333333,0.0,0.08333333333333333,0.006227106227106225
1.0,0.0,55.0,24.5,0.3333333333333333,0.0,0.09166666666666666,0.008241758241758242
1.0,0.0,60.0,25.3,0.3333333333333333,0.0,0.1,0.009706959706959709
1.0,0.0,65.0,25.5,0.3333333333333333,0.0,0.10833333333333334,0.010073260073260074
1.0,0.0,70.0,25.6,0.3333333333333333,0.0,0.11666666666666667,0.01025641025641026
1.0,0.0,75.0,25.9,0.3333333333333333,0.0,0.125,0.010805860805860804
1.0,0.0,80.0,26.0,0.3333333333333333,0.0,0.13333333333333333,0.01098901098901099
1.0,0.0,85.0,26.5,0.3333333333333333,0.0,0.14166666666666666,0.011904761904761904
1.0,0.0,90.0,26.7,0.3333333333333333,0.0,0.15,0.012271062271062269
1.0,0.0,95.0,26.8,0.3333333333333333,0.0,0.15833333333333333,0.012454212454212455
1.0,0.0,100.0,27.1,0.3333333333333333,0.0,0.16666666666666666,0.013003663003663006
1.0,0.0,105.0,27.5,0.3333333333333333,0.0,0.175,0.013736263736263736
1.0,0.0,110.0,27.6,0.3333333333333333,0.0,0.18333333333333332,0.013919413919413922
1.0,0.0,115.0,27.8,0.3333333333333333,0.0,0.19166666666666668,0.014285714285714287
1.0,0.0,120.0,27.9,0.3333333333333333,0.0,0.2,0.014468864468864466
1.0,0.0,125.0,28.2,0.3333333333333333,0.0,0.20833333333333334,0.015018315018315017
1.0,0.0,130.0,28.7,0.3333333333333333,0.0,0.21666666666666667,0.015934065934065933
1.0,0.0,135.0,28.8,0.3333333333333333,0.0,0.225,0.01611721611721612
1.0,0.0,140.0,29.2,0.3333333333333333,0.0,0.23333333333333334,0.01684981684981685
1.0,0.0,145.0,29.4,0.3333333333333333,0.0,0.24166666666666667,0.017216117216117214
1.0,0.0,150.0,29.3,0.3333333333333333,0.0,0.25,0.017032967032967035
1.0,0.0,155.0,29.5,0.3333333333333333,0.0,0.25833333333333336,0.0173992673992674
1.0,0.0,160.0,29.7,0.3333333333333333,0.0,0.26666666666666666,0.017765567765567765
1.0,0.0,165.0,30.1,0.3333333333333333,0.0,0.275,0.018498168498168502
1.0,0.0,170.0,30.3,0.3333333333333333,0.0,0.2833333333333333,0.018864468864468867
1.0,0.0,175.0,30.3,0.3333333333333333,0.0,0.2916666666666667,0.018864468864468867
1.0,0.0,180.0,30.8,0.3333333333333333,0.0,0.3,0.019780219780219783
1.0,0.0,185.0,31.2,0.3333333333333333,0.0,0.30833333333333335,0.020512820512820513
1.0,0.0,190.0,31.7,0.3333333333333333,0.0,0.31666666666666665,0.02142857142857143
1.0,0.0,195.0,32.1,0.3333333333333333,0.0,0.325,0.022161172161172162
1.0,0.0,200.0,32.2,0.3333333333333333,0.0,0.3333333333333333,0.022344322344322348
1.0,0.0,205.0,33.4,0.3333333333333333,0.0,0.3416666666666667,0.024542124542124538
1.0,0.0,210.0,33.2,0.3333333333333333,0.0,0.35,0.02417582417582418
1.0,0.0,215.0,33.6,0.3333333333333333,0.0,0.35833333333333334,0.02490842490842491
1.0,0.0,220.0,34.0,0.3333333333333333,0.0,0.36666666666666664,0.02564102564102564
1.0,0.0,225.0,34.5,0.3333333333333333,0.0,0.375,0.026556776556776556
1.0,0.0,230.0,34.8,0.3333333333333333,0.0,0.38333333333333336,0.0271062271062271
1.0,0.0,235.0,35.4,0.3333333333333333,0.0,0.39166666666666666,0.028205128205128202
1.0,0.0,240.0,35.4,0.3333333333333333,0.0,0.4,0.028205128205128202
1.0,0.0,245.0,35.9,0.3333333333333333,0.0,0.4083333333333333,0.029120879120879118
1.0,0.0,250.0,35.7,0.3333333333333333,0.0,0.4166666666666667,0.02875457875457876
1.0,0.0,255.0,35.6,0.3333333333333333,0.0,0.425,0.028571428571428574
1.0,0.0,260.0,34.9,0.3333333333333333,0.0,0.43333333333333335,0.027289377289377286
1.0,0.0,265.0,34.1,0.3333333333333333,0.0,0.44166666666666665,0.025824175824175826
1.0,0.0,270.0,33.3,0.3333333333333333,0.0,0.45,0.024358974358974352
1.0,0.0,275.0,32.6,0.3333333333333333,0.0,0.4583333333333333,0.023076923076923078
1.0,0.0,280.0,32.3,0.3333333333333333,0.0,0.4666666666666667,0.022527472527472524
1.0,0.0,285.0,31.8,0.3333333333333333,0.0,0.475,0.021611721611721615
1.0,0.0,290.0,31.7,0.3333333333333333,0.0,0.48333333333333334,0.02142857142857143
1.0,0.0,295.0,31.6,0.3333333333333333,0.0,0.49166666666666664,0.02124542124542125
1.0,0.0,300.0,31.3,0.3333333333333333,0.0,0.5,0.0206959706959707
1.0,0.0,305.0,31.1,0.3333333333333333,0.0,0.5083333333333333,0.020329670329670334
1.0,0.0,310.0,31.1,0.3333333333333333,0.0,0.5166666666666667,0.020329670329670334
1.0,0.0,315.0,30.8,0.3333333333333333,0.0,0.525,0.019780219780219783
1.0,0.0,320.0,30.4,0.3333333333333333,0.0,0.5333333333333333,0.019047619047619046
1.0,0.0,325.0,30.0,0.3333333333333333,0.0,0.5416666666666666,0.018315018315018316
1.0,0.0,330.0,29.5,0.3333333333333333,0.0,0.55,0.0173992673992674
1.0,0.0,335.0,29.0,0.3333333333333333,0.0,0.5583333333333333,0.016483516483516484
1.0,0.0,340.0,28.5,0.3333333333333333,0.0,0.5666666666666667,0.015567765567765568
1.0,0.0,345.0,28.0,0.3333333333333333,0.0,0.575,0.014652014652014652
1.0,0.0,350.0,27.5,0.3333333333333333,0.0,0.5833333333333334,0.013736263736263736
1.0,0.0,355.0,27.4,0.3333333333333333,0.0,0.5916666666666667,0.01355311355311355
1.0,0.0,360.0,27.1,0.3333333333333333,0.0,0.6,0.013003663003663006
1.0,0.0,365.0,26.7,0.3333333333333333,0.0,0.6083333333333333,0.012271062271062269
1.0,0.0,370.0,26.6,0.3333333333333333,0.0,0.6166666666666667,0.01208791208791209
1.0,0.0,375.0,26.4,0.3333333333333333,0.0,0.625,0.01172161172161172
1.0,0.0,380.0,26.4,0.3333333333333333,0.0,0.6333333333333333,0.01172161172161172
1.0,0.0,385.0,26.2,0.3333333333333333,0.0,0.6416666666666667,0.011355311355311355
1.0,0.0,390.0,26.2,0.3333333333333333,0.0,0.65,0.011355311355311355
1.0,0.0,395.0,26.2,0.3333333333333333,0.0,0.6583333333333333,0.011355311355311355
1.0,0.0,400.0,26.1,0.3333333333333333,0.0,0.6666666666666666,0.011172161172161174
1.0,0.0,405.0,25.9,0.3333333333333333,0.0,0.675,0.010805860805860804
1.0,0.0,410.0,26.0,0.3333333333333333,0.0,0.6833333333333333,0.01098901098901099
1.0,0.0,415.0,25.8,0.3333333333333333,0.0,0.6916666666666667,0.010622710622710625
1.0,0.0,420.0,25.8,0.3333333333333333,0.0,0.7,0.010622710622710625
1.0,0.0,425.0,25.8,0.3333333333333333,0.0,0.7083333333333334,0.010622710622710625
1.0,0.0,430.0,25.6,0.3333333333333333,0.0,0.7166666666666667,0.01025641025641026
1.0,0.0,435.0,25.5,0.3333333333333333,0.0,0.725,0.010073260073260074
1.0,0.0,440.0,25.2,0.3333333333333333,0.0,0.7333333333333333,0.009523809523809523
1.0,0.0,445.0,25.3,0.3333333333333333,0.0,0.7416666666666667,0.009706959706959709
1.0,0.0,450.0,25.1,0.3333333333333333,0.0,0.75,0.009340659340659344
1.0,0.0,455.0,25.1,0.3333333333333333,0.0,0.7583333333333333,0.009340659340659344
1.0,0.0,460.0,24.9,0.3333333333333333,0.0,0.7666666666666667,0.008974358974358972
1.0,0.0,465.0,25.0,0.3333333333333333,0.0,0.775,0.009157509157509158
1.0,0.0,470.0,25.0,0.3333333333333333,0.0,0.7833333333333333,0.009157509157509158
1.0,0.0,475.0,25.0,0.3333333333333333,0.0,0.7916666666666666,0.009157509157509158
1.0,0.0,480.0,24.8,0.3333333333333333,0.0,0.8,0.008791208791208793
1.0,0.0,485.0,24.6,0.3333333333333333,0.0,0.8083333333333333,0.008424908424908428
1.0,0.0,490.0,24.6,0.3333333333333333,0.0,0.8166666666666667,0.008424908424908428
1.0,0.0,495.0,24.5,0.3333333333333333,0.0,0.825,0.008241758241758242
1.0,0.0,500.0,24.5,0.3333333333333333,0.0,0.8333333333333334,0.008241758241758242
1.0,0.0,505.0,24.3,0.3333333333333333,0.0,0.8416666666666667,0.007875457875457877
1.0,0.0,510.0,24.4,0.3333333333333333,0.0,0.85,0.008058608058608056
1.0,0.0,515.0,24.4,0.3333333333333333,0.0,0.8583333333333333,0.008058608058608056
1.0,0.0,520.0,24.4,0.3333333333333333,0.0,0.8666666666666667,0.008058608058608056
1.0,0.0,525.0,24.3,0.3333333333333333,0.0,0.875,0.007875457875457877
1.0,0.0,530.0,24.2,0.3333333333333333,0.0,0.8833333333333333,0.007692307692307691
1.0,0.0,535.0,24.1,0.3333333333333333,0.0,0.8916666666666667,0.007509157509157512
1.0,0.0,540.0,24.1,0.3333333333333333,0.0,0.9,0.007509157509157512
1.0,0.0,545.0,24.2,0.3333333333333333,0.0,0.9083333333333333,0.007692307692307691
1.0,0.0,550.0,24.1,0.3333333333333333,0.0,0.9166666666666666,0.007509157509157512
1.0,0.0,555.0,24.0,0.3333333333333333,0.0,0.925,0.007326007326007326
1.0,0.0,560.0,23.9,0.3333333333333333,0.0,0.9333333333333333,0.00714285714285714
1.0,0.0,565.0,23.8,0.3333333333333333,0.0,0.9416666666666667,0.006959706959706961
1.0,0.0,570.0,23.8,0.3333333333333333,0.0,0.95,0.006959706959706961
1.0,0.0,575.0,24.1,0.3333333333333333,0.0,0.9583333333333334,0.007509157509157512
1.0,0.0,580.0,24.0,0.3333333333333333,0.0,0.9666666666666667,0.007326007326007326
1.0,0.0,585.0,23.7,0.3333333333333333,0.0,0.975,0.006776556776556775
1.0,0.0,590.0,23.7,0.3333333333333333,0.0,0.9833333333333333,0.006776556776556775
1.0,0.0,595.0,23.8,0.3333333333333333,0.0,0.9916666666666667,0.006959706959706961
1.0,0.0,600.0,23.6,0.3333333333333333,0.0,1.0,0.006593406593406596
1.0,1.0,0.0,20.0,0.3333333333333333,0.5,0.0,0.0
1.0,1.0,5.01,20.0,0.3333333333333333,0.5,0.00835,0.0
1.0,1.0,10.0,20.2,0.3333333333333333,0.5,0.016666666666666666,0.000366300366300365
1.0,1.0,15.0,25.5,0.3333333333333333,0.5,0.025,0.010073260073260074
1.0,1.0,20.0,24.4,0.3333333333333333,0.5,0.03333333333333333,0.008058608058608056
1.0,1.0,25.0,23.7,0.3333333333333333,0.5,0.041666666666666664,0.006776556776556775
1.0,1.0,30.0,23.6,0.3333333333333333,0.5,0.05,0.006593406593406596
1.0,1.0,35.0,24.4,0.3333333333333333,0.5,0.058333333333333334,0.008058608058608056
1.0,1.0,40.0,25.5,0.3333333333333333,0.5,0.06666666666666667,0.010073260073260074
1.0,1.0,45.0,25.8,0.3333333333333333,0.5,0.075,0.010622710622710625
1.0,1.0,50.0,28.5,0.3333333333333333,0.5,0.08333333333333333,0.015567765567765568
1.0,1.0,55.0,34.5,0.3333333333333333,0.5,0.09166666666666666,0.026556776556776556
1.0,1.0,60.0,33.6,0.3333333333333333,0.5,0.1,0.02490842490842491
1.0,1.0,65.0,34.7,0.3333333333333333,0.5,0.10833333333333334,0.026923076923076928
1.0,1.0,70.0,38.0,0.3333333333333333,0.5,0.11666666666666667,0.03296703296703297
1.0,1.0,75.0,38.9,0.3333333333333333,0.5,0.125,0.03461538461538461
1.0,1.0,80.0,38.4,0.3333333333333333,0.5,0.13333333333333333,0.0336996336996337
1.0,1.0,85.0,40.7,0.3333333333333333,0.5,0.14166666666666666,0.037912087912087916
1.0,1.0,90.0,47.9,0.3333333333333333,0.5,0.15,0.0510989010989011
1.0,1.0,95.0,45.9,0.3333333333333333,0.5,0.15833333333333333,0.047435897435897434
1.0,1.0,100.0,46.3,0.3333333333333333,0.5,0.16666666666666666,0.048168498168498164
1.0,1.0,105.0,46.3,0.3333333333333333,0.5,0.175,0.048168498168498164
1.0,1.0,110.0,45.7,0.3333333333333333,0.5,0.18333333333333332,0.047069597069597076
1.0,1.0,115.0,45.5,0.3333333333333333,0.5,0.19166666666666668,0.046703296703296704
1.0,1.0,120.0,43.3,0.3333333333333333,0.5,0.2,0.04267399267399267
1.0,1.0,125.0,45.0,0.3333333333333333,0.5,0.20833333333333334,0.045787545787545784
1.0,1.0,130.0,48.5,0.3333333333333333,0.5,0.21666666666666667,0.0521978021978022
1.0,1.0,135.0,50.5,0.3333333333333333,0.5,0.225,0.055860805860805864
1.0,1.0,140.0,52.4,0.3333333333333333,0.5,0.23333333333333334,0.05934065934065934
1.0,1.0,145.0,52.5,0.3333333333333333,0.5,0.24166666666666667,0.05952380952380952
1.0,1.0,150.0,52.3,0.3333333333333333,0.5,0.25,0.059157509157509156
1.0,1.0,155.0,57.0,0.3333333333333333,0.5,0.25833333333333336,0.06776556776556776
1.0,1.0,160.0,55.0,0.3333333333333333,0.5,0.26666666666666666,0.0641025641025641
1.0,1.0,165.0,53.9,0.3333333333333333,0.5,0.275,0.06208791208791208
1.0,1.0,170.0,55.9,0.3333333333333333,0.5,0.2833333333333333,0.06575091575091575
1.0,1.0,175.0,65.6,0.3333333333333333,0.5,0.2916666666666667,0.08351648351648351
1.0,1.0,180.0,79.1,0.3333333333333333,0.5,0.3,0.10824175824175823
1.0,1.0,185.0,67.7,0.3333333333333333,0.5,0.30833333333333335,0.08736263736263737
1.0,1.0,190.0,68.9,0.3333333333333333,0.5,0.31666666666666665,0.08956043956043958
1.0,1.0,195.0,65.8,0.3333333333333333,0.5,0.325,0.08388278388278388
1.0,1.0,200.0,65.4,0.3333333333333333,0.5,0.3333333333333333,0.08315018315018316
1.0,1.0,205.0,65.9,0.3333333333333333,0.5,0.3416666666666667,0.08406593406593407
1.0,1.0,210.0,66.0,0.3333333333333333,0.5,0.35,0.08424908424908426
1.0,1.0,215.0,65.2,0.3333333333333333,0.5,0.35833333333333334,0.0827838827838828
1.0,1.0,220.0,71.1,0.3333333333333333,0.5,0.36666666666666664,0.09358974358974358
1.0,1.0,225.0,71.4,0.3333333333333333,0.5,0.375,0.09413919413919415
1.0,1.0,230.0,73.3,0.3333333333333333,0.5,0.38333333333333336,0.09761904761904762
1.0,1.0,235.0,69.3,0.3333333333333333,0.5,0.39166666666666666,0.09029304029304029
1.0,1.0,240.0,76.5,0.3333333333333333,0.5,0.4,0.10347985347985347
1.0,1.0,245.0,80.6,0.3333333333333333,0.5,0.4083333333333333,0.11098901098901098
1.0,1.0,250.0,76.2,0.3333333333333333,0.5,0.4166666666666667,0.10293040293040294
1.0,1.0,255.0,75.0,0.3333333333333333,0.5,0.425,0.10073260073260074
1.0,1.0,260.0,70.5,0.3333333333333333,0.5,0.43333333333333335,0.0924908424908425
1.0,1.0,265.0,65.0,0.3333333333333333,0.5,0.44166666666666665,0.08241758241758242
1.0,1.0,270.0,66.0,0.3333333333333333,0.5,0.45,0.08424908424908426
1.0,1.0,275.0,74.5,0.3333333333333333,0.5,0.4583333333333333,0.09981684981684982
1.0,1.0,280.0,65.2,0.3333333333333333,0.5,0.4666666666666667,0.0827838827838828
1.0,1.0,285.0,57.7,0.3333333333333333,0.5,0.475,0.06904761904761905
1.0,1.0,290.0,60.1,0.3333333333333333,0.5,0.48333333333333334,0.07344322344322345
1.0,1.0,295.0,61.2,0.3333333333333333,0.5,0.49166666666666664,0.07545787545787547
1.0,1.0,300.0,61.3,0.3333333333333333,0.5,0.5,0.07564102564102564
1.0,1.0,305.0,52.1,0.3333333333333333,0.5,0.5083333333333333,0.05879120879120879
1.0,1.0,310.0,48.7,0.3333333333333333,0.5,0.5166666666666667,0.05256410256410257
1.0,1.0,315.0,47.6,0.3333333333333333,0.5,0.525,0.05054945054945055
1.0,1.0,320.0,45.7,0.3333333333333333,0.5,0.5333333333333333,0.047069597069597076
1.0,1.0,325.0,46.7,0.3333333333333333,0.5,0.5416666666666666,0.04890109890109891
1.0,1.0,330.0,46.1,0.3333333333333333,0.5,0.55,0.047802197802197806
1.0,1.0,335.0,40.7,0.3333333333333333,0.5,0.5583333333333333,0.037912087912087916
1.0,1.0,340.0,36.6,0.3333333333333333,0.5,0.5666666666666667,0.030402930402930406
1.0,1.0,345.0,36.2,0.3333333333333333,0.5,0.575,0.029670329670329676
1.0,1.0,350.0,40.5,0.3333333333333333,0.5,0.5833333333333334,0.037545787545787544
1.0,1.0,355.0,39.0,0.3333333333333333,0.5,0.5916666666666667,0.0347985347985348
1.0,1.0,360.0,36.7,0.3333333333333333,0.5,0.6,0.030586080586080592
1.0,1.0,365.0,33.4,0.3333333333333333,0.5,0.6083333333333333,0.024542124542124538
1.0,1.0,370.0,32.3,0.3333333333333333,0.5,0.6166666666666667,0.022527472527472524
1.0,1.0,375.0,34.4,0.3333333333333333,0.5,0.625,0.02637362637362637
1.0,1.0,380.0,36.2,0.3333333333333333,0.5,0.6333333333333333,0.029670329670329676
1.0,1.0,385.0,36.5,0.3333333333333333,0.5,0.6416666666666667,0.03021978021978022
1.0,1.0,390.0,38.5,0.3333333333333333,0.5,0.65,0.03388278388278388
1.0,1.0,395.0,36.7,0.3333333333333333,0.5,0.6583333333333333,0.030586080586080592
1.0,1.0,400.0,36.4,0.3333333333333333,0.5,0.6666666666666666,0.030036630036630034
1.0,1.0,405.0,35.1,0.3333333333333333,0.5,0.675,0.027655677655677658
1.0,1.0,410.0,34.6,0.3333333333333333,0.5,0.6833333333333333,0.026739926739926742
1.0,1.0,415.0,35.4,0.3333333333333333,0.5,0.6916666666666667,0.028205128205128202
1.0,1.0,420.0,33.9,0.3333333333333333,0.5,0.7,0.025457875457875454
1.0,1.0,425.0,36.4,0.3333333333333333,0.5,0.7083333333333334,0.030036630036630034
1.0,1.0,430.0,37.4,0.3333333333333333,0.5,0.7166666666666667,0.031868131868131866
1.0,1.0,435.0,35.5,0.3333333333333333,0.5,0.725,0.028388278388278388
1.0,1.0,440.0,35.4,0.3333333333333333,0.5,0.7333333333333333,0.028205128205128202
1.0,1.0,445.0,33.6,0.3333333333333333,0.5,0.7416666666666667,0.02490842490842491
1.0,1.0,450.0,34.3,0.3333333333333333,0.5,0.75,0.026190476190476184
1.0,1.0,455.0,35.2,0.3333333333333333,0.5,0.7583333333333333,0.027838827838827844
1.0,1.0,460.0,32.0,0.3333333333333333,0.5,0.7666666666666667,0.02197802197802198
1.0,1.0,465.0,34.1,0.3333333333333333,0.5,0.775,0.025824175824175826
1.0,1.0,470.0,38.0,0.3333333333333333,0.5,0.7833333333333333,0.03296703296703297
1.0,1.0,475.0,39.1,0.3333333333333333,0.5,0.7916666666666666,0.03498168498168498
1.0,1.0,480.0,37.7,0.3333333333333333,0.5,0.8,0.03241758241758242
1.0,1.0,485.0,35.9,0.3333333333333333,0.5,0.8083333333333333,0.029120879120879118
1.0,1.0,490.0,35.3,0.3333333333333333,0.5,0.8166666666666667,0.028021978021978016
1.0,1.0,495.0,34.8,0.3333333333333333,0.5,0.825,0.0271062271062271
1.0,1.0,500.0,32.7,0.3333333333333333,0.5,0.8333333333333334,0.023260073260073264
1.0,1.0,505.0,30.7,0.3333333333333333,0.5,0.8416666666666667,0.019597069597069597
1.0,1.0,510.0,31.2,0.3333333333333333,0.5,0.85,0.020512820512820513
1.0,1.0,515.0,30.9,0.3333333333333333,0.5,0.8583333333333333,0.019963369963369962
1.0,1.0,520.0,29.7,0.3333333333333333,0.5,0.8666666666666667,0.017765567765567765
1.0,1.0,525.0,29.8,0.3333333333333333,0.5,0.875,0.01794871794871795
1.0,1.0,530.0,30.8,0.3333333333333333,0.5,0.8833333333333333,0.019780219780219783
1.0,1.0,535.0,31.5,0.3333333333333333,0.5,0.8916666666666667,0.021062271062271064
1.0,1.0,540.0,32.9,0.3333333333333333,0.5,0.9,0.023626373626373622
1.0,1.0,545.0,31.7,0.3333333333333333,0.5,0.9083333333333333,0.02142857142857143
1.0,1.0,550.0,32.1,0.3333333333333333,0.5,0.9166666666666666,0.022161172161172162
1.0,1.0,555.0,30.7,0.3333333333333333,0.5,0.925,0.019597069597069597
1.0,1.0,560.0,31.3,0.3333333333333333,0.5,0.9333333333333333,0.0206959706959707
1.0,1.0,565.0,32.3,0.3333333333333333,0.5,0.9416666666666667,0.022527472527472524
1.0,1.0,570.0,30.9,0.3333333333333333,0.5,0.95,0.019963369963369962
1.0,1.0,575.0,29.7,0.3333333333333333,0.5,0.9583333333333334,0.017765567765567765
1.0,1.0,580.0,29.5,0.3333333333333333,0.5,0.9666666666666667,0.0173992673992674
1.0,1.0,585.0,30.0,0.3333333333333333,0.5,0.975,0.018315018315018316
1.0,1.0,590.0,30.3,0.3333333333333333,0.5,0.9833333333333333,0.018864468864468867
1.0,1.0,595.0,30.2,0.3333333333333333,0.5,0.9916666666666667,0.01868131868131868
1.0,1.0,600.0,29.6,0.3333333333333333,0.5,1.0,0.017582417582417586
1.0,2.0,0.0,20.0,0.3333333333333333,1.0,0.0,0.0
1.0,2.0,5.01,20.0,0.3333333333333333,1.0,0.00835,0.0
1.0,2.0,10.0,21.3,0.3333333333333333,1.0,0.016666666666666666,0.0023809523809523825
1.0,2.0,15.0,61.4,0.3333333333333333,1.0,0.025,0.07582417582417582
1.0,2.0,20.0,120.0,0.3333333333333333,1.0,0.03333333333333333,0.18315018315018314
1.0,2.0,25.0,189.0,0.3333333333333333,1.0,0.041666666666666664,0.30952380952380953
1.0,2.0,30.0,243.0,0.3333333333333333,1.0,0.05,0.4084249084249084
1.0,2.0,35.0,270.0,0.3333333333333333,1.0,0.058333333333333334,0.45787545787545786
1.0,2.0,40.0,298.0,0.3333333333333333,1.0,0.06666666666666667,0.5091575091575091
1.0,2.0,45.0,315.0,0.3333333333333333,1.0,0.075,0.5402930402930403
1.0,2.0,50.0,335.0,0.3333333333333333,1.0,0.08333333333333333,0.5769230769230769
1.0,2.0,55.0,380.0,0.3333333333333333,1.0,0.09166666666666666,0.6593406593406593
1.0,2.0,60.0,395.0,0.3333333333333333,1.0,0.1,0.6868131868131868
1.0,2.0,65.0,398.0,0.3333333333333333,1.0,0.10833333333333334,0.6923076923076923
1.0,2.0,70.0,398.0,0.3333333333333333,1.0,0.11666666666666667,0.6923076923076923
1.0,2.0,75.0,403.0,0.3333333333333333,1.0,0.125,0.7014652014652014
1.0,2.0,80.0,408.0,0.3333333333333333,1.0,0.13333333333333333,0.7106227106227107
1.0,2.0,85.0,408.0,0.3333333333333333,1.0,0.14166666666666666,0.7106227106227107
1.0,2.0,90.0,418.0,0.3333333333333333,1.0,0.15,0.7289377289377289
1.0,2.0,95.0,413.0,0.3333333333333333,1.0,0.15833333333333333,0.7197802197802198
1.0,2.0,100.0,418.0,0.3333333333333333,1.0,0.16666666666666666,0.7289377289377289
1.0,2.0,105.0,413.0,0.3333333333333333,1.0,0.175,0.7197802197802198
1.0,2.0,110.0,421.0,0.3333333333333333,1.0,0.18333333333333332,0.7344322344322345
1.0,2.0,115.0,431.0,0.3333333333333333,1.0,0.19166666666666668,0.7527472527472527
1.0,2.0,120.0,439.0,0.3333333333333333,1.0,0.2,0.7673992673992674
1.0,2.0,125.0,439.0,0.3333333333333333,1.0,0.20833333333333334,0.7673992673992674
1.0,2.0,130.0,440.0,0.3333333333333333,1.0,0.21666666666666667,0.7692307692307693
1.0,2.0,135.0,456.0,0.3333333333333333,1.0,0.225,0.7985347985347986
1.0,2.0,140.0,454.0,0.3333333333333333,1.0,0.23333333333333334,0.7948717948717948
1.0,2.0,145.0,444.0,0.3333333333333333,1.0,0.24166666666666667,0.7765567765567766
1.0,2.0,150.0,443.0,0.3333333333333333,1.0,0.25,0.7747252747252747
1.0,2.0,155.0,457.0,0.3333333333333333,1.0,0.25833333333333336,0.8003663003663004
1.0,2.0,160.0,470.0,0.3333333333333333,1.0,0.26666666666666666,0.8241758241758241
1.0,2.0,165.0,462.0,0.3333333333333333,1.0,0.275,0.8095238095238095
1.0,2.0,170.0,465.0,0.3333333333333333,1.0,0.2833333333333333,0.815018315018315
1.0,2.0,175.0,471.0,0.3333333333333333,1.0,0.2916666666666667,0.826007326007326
1.0,2.0,180.0,480.0,0.3333333333333333,1.0,0.3,0.8424908424908425
1.0,2.0,185.0,481.0,0.3333333333333333,1.0,0.30833333333333335,0.8443223443223443
1.0,2.0,190.0,485.0,0.3333333333333333,1.0,0.31666666666666665,0.8516483516483516
1.0,2.0,195.0,479.0,0.3333333333333333,1.0,0.325,0.8406593406593407
1.0,2.0,200.0,471.0,0.3333333333333333,1.0,0.3333333333333333,0.826007326007326
1.0,2.0,205.0,486.0,0.3333333333333333,1.0,0.3416666666666667,0.8534798534798534
1.0,2.0,210.0,490.0,0.3333333333333333,1.0,0.35,0.8608058608058609
1.0,2.0,215.0,498.0,0.3333333333333333,1.0,0.35833333333333334,0.8754578754578755
1.0,2.0,220.0,520.0,0.3333333333333333,1.0,0.36666666666666664,0.9157509157509157
1.0,2.0,225.0,537.0,0.3333333333333333,1.0,0.375,0.9468864468864469
1.0,2.0,230.0,522.0,0.3333333333333333,1.0,0.38333333333333336,0.9194139194139194
1.0,2.0,235.0,516.0,0.3333333333333333,1.0,0.39166666666666666,0.9084249084249084
1.0,2.0,240.0,495.0,0.3333333333333333,1.0,0.4,0.86996336996337
1.0,2.0,245.0,499.0,0.3333333333333333,1.0,0.4083333333333333,0.8772893772893773
1.0,2.0,250.0,492.0,0.3333333333333333,1.0,0.4166666666666667,0.8644688644688645
1.0,2.0,255.0,486.0,0.3333333333333333,1.0,0.425,0.8534798534798534
1.0,2.0,260.0,470.0,0.3333333333333333,1.0,0.43333333333333335,0.8241758241758241
1.0,2.0,265.0,449.0,0.3333333333333333,1.0,0.44166666666666665,0.7857142857142857
1.0,2.0,270.0,426.0,0.3333333333333333,1.0,0.45,0.7435897435897436
1.0,2.0,275.0,420.0,0.3333333333333333,1.0,0.4583333333333333,0.7326007326007326
1.0,2.0,280.0,412.0,0.3333333333333333,1.0,0.4666666666666667,0.717948717948718
1.0,2.0,285.0,404.0,0.3333333333333333,1.0,0.475,0.7032967032967034
1.0,2.0,290.0,399.0,0.3333333333333333,1.0,0.48333333333333334,0.6941391941391941
1.0,2.0,295.0,394.0,0.3333333333333333,1.0,0.49166666666666664,0.684981684981685
1.0,2.0,300.0,390.0,0.3333333333333333,1.0,0.5,0.6776556776556777
1.0,2.0,305.0,383.0,0.3333333333333333,1.0,0.5083333333333333,0.6648351648351648
1.0,2.0,310.0,372.0,0.3333333333333333,1.0,0.5166666666666667,0.6446886446886447
1.0,2.0,315.0,371.0,0.3333333333333333,1.0,0.525,0.6428571428571429
1.0,2.0,320.0,361.0,0.3333333333333333,1.0,0.5333333333333333,0.6245421245421245
1.0,2.0,325.0,345.0,0.3333333333333333,1.0,0.5416666666666666,0.5952380952380952
1.0,2.0,330.0,326.0,0.3333333333333333,1.0,0.55,0.5604395604395604
1.0,2.0,335.0,310.0,0.3333333333333333,1.0,0.5583333333333333,0.5311355311355311
1.0,2.0,340.0,287.0,0.3333333333333333,1.0,0.5666666666666667,0.489010989010989
1.0,2.0,345.0,253.0,0.3333333333333333,1.0,0.575,0.4267399267399267
1.0,2.0,350.0,236.0,0.3333333333333333,1.0,0.5833333333333334,0.3956043956043956
1.0,2.0,355.0,222.0,0.3333333333333333,1.0,0.5916666666666667,0.36996336996337
1.0,2.0,360.0,207.0,0.3333333333333333,1.0,0.6,0.3424908424908425
1.0,2.0,365.0,195.0,0.3333333333333333,1.0,0.6083333333333333,0.32051282051282054
1.0,2.0,370.0,181.0,0.3333333333333333,1.0,0.6166666666666667,0.2948717948717949
1.0,2.0,375.0,180.0,0.3333333333333333,1.0,0.625,0.29304029304029305
1.0,2.0,380.0,177.0,0.3333333333333333,1.0,0.6333333333333333,0.2875457875457875
1.0,2.0,385.0,155.0,0.3333333333333333,1.0,0.6416666666666667,0.24725274725274726
1.0,2.0,390.0,144.0,0.3333333333333333,1.0,0.65,0.2271062271062271
1.0,2.0,395.0,140.0,0.3333333333333333,1.0,0.6583333333333333,0.21978021978021978
1.0,2.0,400.0,131.0,0.3333333333333333,1.0,0.6666666666666666,0.2032967032967033
1.0,2.0,405.0,124.0,0.3333333333333333,1.0,0.675,0.19047619047619047
1.0,2.0,410.0,126.0,0.3333333333333333,1.0,0.6833333333333333,0.19413919413919414
1.0,2.0,415.0,134.0,0.3333333333333333,1.0,0.6916666666666667,0.2087912087912088
1.0,2.0,420.0,133.0,0.3333333333333333,1.0,0.7,0.20695970695970695
1.0,2.0,425.0,121.0,0.3333333333333333,1.0,0.7083333333333334,0.184981684981685
1.0,2.0,430.0,115.0,0.3333333333333333,1.0,0.7166666666666667,0.17399267399267399
1.0,2.0,435.0,118.0,0.3333333333333333,1.0,0.725,0.1794871794871795
1.0,2.0,440.0,119.0,0.3333333333333333,1.0,0.7333333333333333,0.1813186813186813
1.0,2.0,445.0,115.0,0.3333333333333333,1.0,0.7416666666666667,0.17399267399267399
1.0,2.0,450.0,111.0,0.3333333333333333,1.0,0.75,0.16666666666666666
1.0,2.0,455.0,111.0,0.3333333333333333,1.0,0.7583333333333333,0.16666666666666666
1.0,2.0,460.0,110.0,0.3333333333333333,1.0,0.7666666666666667,0.16483516483516483
1.0,2.0,465.0,107.0,0.3333333333333333,1.0,0.775,0.15934065934065933
1.0,2.0,470.0,102.0,0.3333333333333333,1.0,0.7833333333333333,0.15018315018315018
1.0,2.0,475.0,105.0,0.3333333333333333,1.0,0.7916666666666666,0.15567765567765568
1.0,2.0,480.0,105.0,0.3333333333333333,1.0,0.8,0.15567765567765568
1.0,2.0,485.0,106.0,0.3333333333333333,1.0,0.8083333333333333,0.1575091575091575
1.0,2.0,490.0,104.0,0.3333333333333333,1.0,0.8166666666666667,0.15384615384615385
1.0,2.0,495.0,100.0,0.3333333333333333,1.0,0.825,0.14652014652014653
1.0,2.0,500.0,102.0,0.3333333333333333,1.0,0.8333333333333334,0.15018315018315018
1.0,2.0,505.0,99.7,0.3333333333333333,1.0,0.8416666666666667,0.14597069597069598
1.0,2.0,510.0,99.3,0.3333333333333333,1.0,0.85,0.14523809523809522
1.0,2.0,515.0,94.6,0.3333333333333333,1.0,0.8583333333333333,0.13663003663003662
1.0,2.0,520.0,89.9,0.3333333333333333,1.0,0.8666666666666667,0.12802197802197804
1.0,2.0,525.0,89.4,0.3333333333333333,1.0,0.875,0.12710622710622713
1.0,2.0,530.0,90.2,0.3333333333333333,1.0,0.8833333333333333,0.1285714285714286
1.0,2.0,535.0,88.4,0.3333333333333333,1.0,0.8916666666666667,0.12527472527472527
1.0,2.0,540.0,88.9,0.3333333333333333,1.0,0.9,0.12619047619047621
1.0,2.0,545.0,88.9,0.3333333333333333,1.0,0.9083333333333333,0.12619047619047621
1.0,2.0,550.0,86.7,0.3333333333333333,1.0,0.9166666666666666,0.12216117216117217
1.0,2.0,555.0,86.1,0.3333333333333333,1.0,0.925,0.12106227106227105
1.0,2.0,560.0,84.1,0.3333333333333333,1.0,0.9333333333333333,0.11739926739926738
1.0,2.0,565.0,83.3,0.3333333333333333,1.0,0.9416666666666667,0.11593406593406592
1.0,2.0,570.0,82.3,0.3333333333333333,1.0,0.95,0.1141025641025641
1.0,2.0,575.0,82.0,0.3333333333333333,1.0,0.9583333333333334,0.11355311355311355
1.0,2.0,580.0,80.2,0.3333333333333333,1.0,0.9666666666666667,0.11025641025641027
1.0,2.0,585.0,79.9,0.3333333333333333,1.0,0.975,0.10970695970695972
1.0,2.0,590.0,77.6,0.3333333333333333,1.0,0.9833333333333333,0.10549450549450548
1.0,2.0,595.0,75.4,0.3333333333333333,1.0,0.9916666666666667,0.10146520146520148
1.0,2.0,600.0,75.8,0.3333333333333333,1.0,1.0,0.1021978021978022
2.5,0.0,0.0,20.0,0.8333333333333334,0.0,0.0,0.0
2.5,0.0,5.01,20.0,0.8333333333333334,0.0,0.00835,0.0
2.5,0.0,10.0,20.1,0.8333333333333334,0.0,0.016666666666666666,0.00018315018315018575
2.5,0.0,15.0,20.4,0.8333333333333334,0.0,0.025,0.00073260073260073
2.5,0.0,20.0,20.8,0.8333333333333334,0.0,0.03333333333333333,0.0014652014652014665
2.5,0.0,25.0,21.9,0.8333333333333334,0.0,0.041666666666666664,0.0034798534798534775
2.5,0.0,30.0,22.7,0.8333333333333334,0.0,0.05,0.004945054945054944
2.5,0.0,35.0,23.2,0.8333333333333334,0.0,0.058333333333333334,0.00586080586080586
2.5,0.0,40.0,23.5,0.8333333333333334,0.0,0.06666666666666667,0.00641025641025641
2.5,0.0,45.0,24.0,0.8333333333333334,0.0,0.075,0.007326007326007326
2.5,0.0,50.0,24.7,0.8333333333333334,0.0,0.08333333333333333,0.008608058608058607
2.5,0.0,55.0,25.7,0.8333333333333334,0.0,0.09166666666666666,0.010439560439560439
2.5,0.0,60.0,26.5,0.8333333333333334,0.0,0.1,0.011904761904761904
2.5,0.0,65.0,27.0,0.8333333333333334,0.0,0.10833333333333334,0.01282051282051282
2.5,0.0,70.0,27.1,0.8333333333333334,0.0,0.11666666666666667,0.013003663003663006
2.5,0.0,75.0,27.3,0.8333333333333334,0.0,0.125,0.013369963369963371
2.5,0.0,80.0,27.6,0.8333333333333334,0.0,0.13333333333333333,0.013919413919413922
2.5,0.0,85.0,27.9,0.8333333333333334,0.0,0.14166666666666666,0.014468864468864466
2.5,0.0,90.0,28.2,0.8333333333333334,0.0,0.15,0.015018315018315017
2.5,0.0,95.0,28.5,0.8333333333333334,0.0,0.15833333333333333,0.015567765567765568
2.5,0.0,100.0,28.7,0.8333333333333334,0.0,0.16666666666666666,0.015934065934065933
2.5,0.0,105.0,29.0,0.8333333333333334,0.0,0.175,0.016483516483516484
2.5,0.0,110.0,29.5,0.8333333333333334,0.0,0.18333333333333332,0.0173992673992674
2.5,0.0,115.0,29.7,0.8333333333333334,0.0,0.19166666666666668,0.017765567765567765
2.5,0.0,120.0,30.0,0.8333333333333334,0.0,0.2,0.018315018315018316
2.5,0.0,125.0,30.3,0.8333333333333334,0.0,0.20833333333333334,0.018864468864468867
2.5,0.0,130.0,30.8,0.8333333333333334,0.0,0.21666666666666667,0.019780219780219783
2.5,0.0,135.0,31.1,0.8333333333333334,0.0,0.225,0.020329670329670334
2.5,0.0,140.0,31.4,0.8333333333333334,0.0,0.23333333333333334,0.020879120879120878
2.5,0.0,145.0,31.6,0.8333333333333334,0.0,0.24166666666666667,0.02124542124542125
2.5,0.0,150.0,32.1,0.8333333333333334,0.0,0.25,0.022161172161172162
2.5,0.0,155.0,32.4,0.8333333333333334,0.0,0.25833333333333336,0.02271062271062271
2.5,0.0,160.0,32.6,0.8333333333333334,0.0,0.26666666666666666,0.023076923076923078
2.5,0.0,165.0,33.0,0.8333333333333334,0.0,0.275,0.023809523809523808
2.5,0.0,170.0,33.4,0.8333333333333334,0.0,0.2833333333333333,0.024542124542124538
2.5,0.0,175.0,33.5,0.8333333333333334,0.0,0.2916666666666667,0.024725274725274724
2.5,0.0,180.0,34.0,0.8333333333333334,0.0,0.3,0.02564102564102564
2.5,0.0,185.0,34.6,0.8333333333333334,0.0,0.30833333333333335,0.026739926739926742
2.5,0.0,190.0,35.1,0.8333333333333334,0.0,0.31666666666666665,0.027655677655677658
2.5,0.0,195.0,34.8,0.8333333333333334,0.0,0.325,0.0271062271062271
2.5,0.0,200.0,35.2,0.8333333333333334,0.0,0.3333333333333333,0.027838827838827844
2.5,0.0,205.0,35.7,0.8333333333333334,0.0,0.3416666666666667,0.02875457875457876
2.5,0.0,210.0,36.1,0.8333333333333334,0.0,0.35,0.02948717948717949
2.5,0.0,215.0,36.5,0.8333333333333334,0.0,0.35833333333333334,0.03021978021978022
2.5,0.0,220.0,37.1,0.8333333333333334,0.0,0.36666666666666664,0.03131868131868132
2.5,0.0,225.0,37.7,0.8333333333333334,0.0,0.375,0.03241758241758242
2.5,0.0,230.0,38.0,0.8333333333333334,0.0,0.38333333333333336,0.03296703296703297
2.5,0.0,235.0,38.6,0.8333333333333334,0.0,0.39166666666666666,0.03406593406593407
2.5,0.0,240.0,38.7,0.8333333333333334,0.0,0.4,0.03424908424908425
2.5,0.0,245.0,39.2,0.8333333333333334,0.0,0.4083333333333333,0.03516483516483517
2.5,0.0,250.0,39.2,0.8333333333333334,0.0,0.4166666666666667,0.03516483516483517
2.5,0.0,255.0,38.5,0.8333333333333334,0.0,0.425,0.03388278388278388
2.5,0.0,260.0,38.4,0.8333333333333334,0.0,0.43333333333333335,0.0336996336996337
2.5,0.0,265.0,37.2,0.8333333333333334,0.0,0.44166666666666665,0.03150183150183151
2.5,0.0,270.0,36.1,0.8333333333333334,0.0,0.45,0.02948717948717949
2.5,0.0,275.0,35.4,0.8333333333333334,0.0,0.4583333333333333,0.028205128205128202
2.5,0.0,280.0,34.9,0.8333333333333334,0.0,0.4666666666666667,0.027289377289377286
2.5,0.0,285.0,34.7,0.8333333333333334,0.0,0.475,0.026923076923076928
2.5,0.0,290.0,34.4,0.8333333333333334,0.0,0.48333333333333334,0.02637362637362637
2.5,0.0,295.0,34.1,0.8333333333333334,0.0,0.49166666666666664,0.025824175824175826
2.5,0.0,300.0,33.9,0.8333333333333334,0.0,0.5,0.025457875457875454
2.5,0.0,305.0,33.7,0.8333333333333334,0.0,0.5083333333333333,0.025091575091575096
2.5,0.0,310.0,33.7,0.8333333333333334,0.0,0.5166666666666667,0.025091575091575096
2.5,0.0,315.0,33.4,0.8333333333333334,0.0,0.525,0.024542124542124538
2.5,0.0,320.0,32.7,0.8333333333333334,0.0,0.5333333333333333,0.023260073260073264
2.5,0.0,325.0,31.9,0.8333333333333334,0.0,0.5416666666666666,0.021794871794871794
2.5,0.0,330.0,31.1,0.8333333333333334,0.0,0.55,0.020329670329670334
2.5,0.0,335.0,29.9,0.8333333333333334,0.0,0.5583333333333333,0.01813186813186813
2.5,0.0,340.0,29.0,0.8333333333333334,0.0,0.5666666666666667,0.016483516483516484
2.5,0.0,345.0,28.5,0.8333333333333334,0.0,0.575,0.015567765567765568
2.5,0.0,350.0,28.2,0.8333333333333334,0.0,0.5833333333333334,0.015018315018315017
2.5,0.0,355.0,27.9,0.8333333333333334,0.0,0.5916666666666667,0.014468864468864466
2.5,0.0,360.0,27.6,0.8333333333333334,0.0,0.6,0.013919413919413922
2.5,0.0,365.0,27.2,0.8333333333333334,0.0,0.6083333333333333,0.013186813186813185
2.5,0.0,370.0,26.9,0.8333333333333334,0.0,0.6166666666666667,0.012637362637362634
2.5,0.0,375.0,26.8,0.8333333333333334,0.0,0.625,0.012454212454212455
2.5,0.0,380.0,26.5,0.8333333333333334,0.0,0.6333333333333333,0.011904761904761904
2.5,0.0,385.0,26.4,0.8333333333333334,0.0,0.6416666666666667,0.01172161172161172
2.5,0.0,390.0,26.3,0.8333333333333334,0.0,0.65,0.011538461538461539
2.5,0.0,395.0,26.1,0.8333333333333334,0.0,0.6583333333333333,0.011172161172161174
2.5,0.0,400.0,26.0,0.8333333333333334,0.0,0.6666666666666666,0.01098901098901099
2.5,0.0,405.0,26.0,0.8333333333333334,0.0,0.675,0.01098901098901099
2.5,0.0,410.0,25.9,0.8333333333333334,0.0,0.6833333333333333,0.010805860805860804
2.5,0.0,415.0,25.8,0.8333333333333334,0.0,0.6916666666666667,0.010622710622710625
2.5,0.0,420.0,25.8,0.8333333333333334,0.0,0.7,0.010622710622710625
2.5,0.0,425.0,25.7,0.8333333333333334,0.0,0.7083333333333334,0.010439560439560439
2.5,0.0,430.0,25.7,0.8333333333333334,0.0,0.7166666666666667,0.010439560439560439
2.5,0.0,435.0,25.5,0.8333333333333334,0.0,0.725,0.010073260073260074
2.5,0.0,440.0,25.5,0.8333333333333334,0.0,0.7333333333333333,0.010073260073260074
2.5,0.0,445.0,25.4,0.8333333333333334,0.0,0.7416666666666667,0.009890109890109888
2.5,0.0,450.0,25.3,0.8333333333333334,0.0,0.75,0.009706959706959709
2.5,0.0,455.0,25.2,0.8333333333333334,0.0,0.7583333333333333,0.009523809523809523
2.5,0.0,460.0,25.1,0.8333333333333334,0.0,0.7666666666666667,0.009340659340659344
2.5,0.0,465.0,25.1,0.8333333333333334,0.0,0.775,0.009340659340659344
2.5,0.0,470.0,24.9,0.8333333333333334,0.0,0.7833333333333333,0.008974358974358972
2.5,0.0,475.0,24.9,0.8333333333333334,0.0,0.7916666666666666,0.008974358974358972
2.5,0.0,480.0,24.8,0.8333333333333334,0.0,0.8,0.008791208791208793
2.5,0.0,485.0,24.7,0.8333333333333334,0.0,0.8083333333333333,0.008608058608058607
2.5,0.0,490.0,24.6,0.8333333333333334,0.0,0.8166666666666667,0.008424908424908428
2.5,0.0,495.0,24.6,0.8333333333333334,0.0,0.825,0.008424908424908428
2.5,0.0,500.0,24.6,0.8333333333333334,0.0,0.8333333333333334,0.008424908424908428
2.5,0.0,505.0,24.5,0.8333333333333334,0.0,0.8416666666666667,0.008241758241758242
2.5,0.0,510.0,24.4,0.8333333333333334,0.0,0.85,0.008058608058608056
2.5,0.0,515.0,24.3,0.8333333333333334,0.0,0.8583333333333333,0.007875457875457877
2.5,0.0,520.0,24.2,0.8333333333333334,0.0,0.8666666666666667,0.007692307692307691
2.5,0.0,525.0,24.2,0.8333333333333334,0.0,0.875,0.007692307692307691
2.5,0.0,530.0,24.3,0.8333333333333334,0.0,0.8833333333333333,0.007875457875457877
2.5,0.0,535.0,24.1,0.8333333333333334,0.0,0.8916666666666667,0.007509157509157512
2.5,0.0,540.0,24.1,0.8333333333333334,0.0,0.9,0.007509157509157512
2.5,0.0,545.0,24.0,0.8333333333333334,0.0,0.9083333333333333,0.007326007326007326
2.5,0.0,550.0,23.9,0.8333333333333334,0.0,0.9166666666666666,0.00714285714285714
2.5,0.0,555.0,23.9,0.8333333333333334,0.0,0.925,0.00714285714285714
2.5,0.0,560.0,23.8,0.8333333333333334,0.0,0.9333333333333333,0.006959706959706961
2.5,0.0,565.0,23.8,0.8333333333333334,0.0,0.9416666666666667,0.006959706959706961
2.5,0.0,570.0,23.8,0.8333333333333334,0.0,0.95,0.006959706959706961
2.5,0.0,575.0,23.7,0.8333333333333334,0.0,0.9583333333333334,0.006776556776556775
2.5,0.0,580.0,23.6,0.8333333333333334,0.0,0.9666666666666667,0.006593406593406596
2.5,0.0,585.0,23.6,0.8333333333333334,0.0,0.975,0.006593406593406596
2.5,0.0,590.0,23.6,0.8333333333333334,0.0,0.9833333333333333,0.006593406593406596
2.5,0.0,595.0,23.6,0.8333333333333334,0.0,0.9916666666666667,0.006593406593406596
2.5,0.0,600.0,23.5,0.8333333333333334,0.0,1.0,0.00641025641025641
2.5,1.0,0.0,20.0,0.8333333333333334,0.5,0.0,0.0
2.5,1.0,5.01,20.0,0.8333333333333334,0.5,0.00835,0.0
2.5,1.0,10.0,20.1,0.8333333333333334,0.5,0.016666666666666666,0.00018315018315018575
2.5,1.0,15.0,21.0,0.8333333333333334,0.5,0.025,0.0018315018315018315
2.5,1.0,20.0,21.7,0.8333333333333334,0.5,0.03333333333333333,0.0031135531135531125
2.5,1.0,25.0,22.8,0.8333333333333334,0.5,0.041666666666666664,0.00512820512820513
2.5,1.0,30.0,23.6,0.8333333333333334,0.5,0.05,0.006593406593406596
2.5,1.0,35.0,24.2,0.8333333333333334,0.5,0.058333333333333334,0.007692307692307691
2.5,1.0,40.0,25.1,0.8333333333333334,0.5,0.06666666666666667,0.009340659340659344
2.5,1.0,45.0,26.0,0.8333333333333334,0.5,0.075,0.01098901098901099
2.5,1.0,50.0,26.8,0.8333333333333334,0.5,0.08333333333333333,0.012454212454212455
2.5,1.0,55.0,29.1,0.8333333333333334,0.5,0.09166666666666666,0.01666666666666667
2.5,1.0,60.0,30.5,0.8333333333333334,0.5,0.1,0.019230769230769232
2.5,1.0,65.0,31.1,0.8333333333333334,0.5,0.10833333333333334,0.020329670329670334
2.5,1.0,70.0,32.1,0.8333333333333334,0.5,0.11666666666666667,0.022161172161172162
2.5,1.0,75.0,34.2,0.8333333333333334,0.5,0.125,0.026007326007326012
2.5,1.0,80.0,34.2,0.8333333333333334,0.5,0.13333333333333333,0.026007326007326012
2.5,1.0,85.0,35.0,0.8333333333333334,0.5,0.14166666666666666,0.027472527472527472
2.5,1.0,90.0,38.2,0.8333333333333334,0.5,0.15,0.03333333333333334
2.5,1.0,95.0,42.9,0.8333333333333334,0.5,0.15833333333333333,0.04194139194139194
2.5,1.0,100.0,42.4,0.8333333333333334,0.5,0.16666666666666666,0.041025641025641026
2.5,1.0,105.0,39.9,0.8333333333333334,0.5,0.175,0.03644688644688644
2.5,1.0,110.0,38.3,0.8333333333333334,0.5,0.18333333333333332,0.03351648351648351
2.5,1.0,115.0,36.5,0.8333333333333334,0.5,0.19166666666666668,0.03021978021978022
2.5,1.0,120.0,36.2,0.8333333333333334,0.5,0.2,0.029670329670329676
2.5,1.0,125.0,38.3,0.8333333333333334,0.5,0.20833333333333334,0.03351648351648351
2.5,1.0,130.0,38.3,0.8333333333333334,0.5,0.21666666666666667,0.03351648351648351
2.5,1.0,135.0,38.2,0.8333333333333334,0.5,0.225,0.03333333333333334
2.5,1.0,140.0,40.5,0.8333333333333334,0.5,0.23333333333333334,0.037545787545787544
2.5,1.0,145.0,41.0,0.8333333333333334,0.5,0.24166666666666667,0.038461538461538464
2.5,1.0,150.0,42.5,0.8333333333333334,0.5,0.25,0.04120879120879121
2.5,1.0,155.0,43.0,0.8333333333333334,0.5,0.25833333333333336,0.04212454212454213
2.5,1.0,160.0,40.6,0.8333333333333334,0.5,0.26666666666666666,0.037728937728937734
2.5,1.0,165.0,43.5,0.8333333333333334,0.5,0.275,0.04304029304029304
2.5,1.0,170.0,42.4,0.8333333333333334,0.5,0.2833333333333333,0.041025641025641026
2.5,1.0,175.0,43.2,0.8333333333333334,0.5,0.2916666666666667,0.0424908424908425
2.5,1.0,180.0,44.4,0.8333333333333334,0.5,0.3,0.04468864468864469
2.5,1.0,185.0,49.0,0.8333333333333334,0.5,0.30833333333333335,0.05311355311355311
2.5,1.0,190.0,49.4,0.8333333333333334,0.5,0.31666666666666665,0.05384615384615384
2.5,1.0,195.0,49.4,0.8333333333333334,0.5,0.325,0.05384615384615384
2.5,1.0,200.0,51.5,0.8333333333333334,0.5,0.3333333333333333,0.057692307692307696
2.5,1.0,205.0,48.4,0.8333333333333334,0.5,0.3416666666666667,0.05201465201465201
2.5,1.0,210.0,50.2,0.8333333333333334,0.5,0.35,0.055311355311355316
2.5,1.0,215.0,49.5,0.8333333333333334,0.5,0.35833333333333334,0.05402930402930403
2.5,1.0,220.0,50.7,0.8333333333333334,0.5,0.36666666666666664,0.056227106227106236
2.5,1.0,225.0,50.3,0.8333333333333334,0.5,0.375,0.05549450549450549
2.5,1.0,230.0,50.5,0.8333333333333334,0.5,0.38333333333333336,0.055860805860805864
2.5,1.0,235.0,52.0,0.8333333333333334,0.5,0.39166666666666666,0.05860805860805861
2.5,1.0,240.0,49.8,0.8333333333333334,0.5,0.4,0.05457875457875457
2.5,1.0,245.0,53.3,0.8333333333333334,0.5,0.4083333333333333,0.06098901098901098
2.5,1.0,250.0,52.5,0.8333333333333334,0.5,0.4166666666666667,0.05952380952380952
2.5,1.0,255.0,50.3,0.8333333333333334,0.5,0.425,0.05549450549450549
2.5,1.0,260.0,46.8,0.8333333333333334,0.5,0.43333333333333335,0.049084249084249076
2.5,1.0,265.0,43.4,0.8333333333333334,0.5,0.44166666666666665,0.04285714285714286
2.5,1.0,270.0,46.1,0.8333333333333334,0.5,0.45,0.047802197802197806
2.5,1.0,275.0,44.4,0.8333333333333334,0.5,0.4583333333333333,0.04468864468864469
2.5,1.0,280.0,42.1,0.8333333333333334,0.5,0.4666666666666667,0.04047619047619048
2.5,1.0,285.0,40.0,0.8333333333333334,0.5,0.475,0.03663003663003663
2.5,1.0,290.0,40.5,0.8333333333333334,0.5,0.48333333333333334,0.037545787545787544
2.5,1.0,295.0,39.9,0.8333333333333334,0.5,0.49166666666666664,0.03644688644688644
2.5,1.0,300.0,40.2,0.8333333333333334,0.5,0.5,0.036996336996337004
2.5,1.0,305.0,39.3,0.8333333333333334,0.5,0.5083333333333333,0.03534798534798534
2.5,1.0,310.0,37.9,0.8333333333333334,0.5,0.5166666666666667,0.03278388278388278
2.5,1.0,315.0,38.3,0.8333333333333334,0.5,0.525,0.03351648351648351
2.5,1.0,320.0,38.3,0.8333333333333334,0.5,0.5333333333333333,0.03351648351648351
2.5,1.0,325.0,37.1,0.8333333333333334,0.5,0.5416666666666666,0.03131868131868132
2.5,1.0,330.0,35.8,0.8333333333333334,0.5,0.55,0.028937728937728932
2.5,1.0,335.0,34.9,0.8333333333333334,0.5,0.5583333333333333,0.027289377289377286
2.5,1.0,340.0,33.0,0.8333333333333334,0.5,0.5666666666666667,0.023809523809523808
2.5,1.0,345.0,31.5,0.8333333333333334,0.5,0.575,0.021062271062271064
2.5,1.0,350.0,30.9,0.8333333333333334,0.5,0.5833333333333334,0.019963369963369962
2.5,1.0,355.0,31.4,0.8333333333333334,0.5,0.5916666666666667,0.020879120879120878
2.5,1.0,360.0,31.5,0.8333333333333334,0.5,0.6,0.021062271062271064
2.5,1.0,365.0,30.5,0.8333333333333334,0.5,0.6083333333333333,0.019230769230769232
2.5,1.0,370.0,29.2,0.8333333333333334,0.5,0.6166666666666667,0.01684981684981685
2.5,1.0,375.0,28.0,0.8333333333333334,0.5,0.625,0.014652014652014652
2.5,1.0,380.0,28.4,0.8333333333333334,0.5,0.6333333333333333,0.015384615384615382
2.5,1.0,385.0,28.3,0.8333333333333334,0.5,0.6416666666666667,0.015201465201465203
2.5,1.0,390.0,29.9,0.8333333333333334,0.5,0.65,0.01813186813186813
2.5,1.0,395.0,30.4,0.8333333333333334,0.5,0.6583333333333333,0.019047619047619046
2.5,1.0,400.0,30.5,0.8333333333333334,0.5,0.6666666666666666,0.019230769230769232
2.5,1.0,405.0,30.1,0.8333333333333334,0.5,0.675,0.018498168498168502
2.5,1.0,410.0,28.5,0.8333333333333334,0.5,0.6833333333333333,0.015567765567765568
2.5,1.0,415.0,27.4,0.8333333333333334,0.5,0.6916666666666667,0.01355311355311355
2.5,1.0,420.0,27.3,0.8333333333333334,0.5,0.7,0.013369963369963371
2.5,1.0,425.0,28.0,0.8333333333333334,0.5,0.7083333333333334,0.014652014652014652
2.5,1.0,430.0,27.6,0.8333333333333334,0.5,0.7166666666666667,0.013919413919413922
2.5,1.0,435.0,27.8,0.8333333333333334,0.5,0.725,0.014285714285714287
2.5,1.0,440.0,26.9,0.8333333333333334,0.5,0.7333333333333333,0.012637362637362634
2.5,1.0,445.0,26.3,0.8333333333333334,0.5,0.7416666666666667,0.011538461538461539
2.5,1.0,450.0,26.6,0.8333333333333334,0.5,0.75,0.01208791208791209
2.5,1.0,455.0,27.1,0.8333333333333334,0.5,0.7583333333333333,0.013003663003663006
2.5,1.0,460.0,26.2,0.8333333333333334,0.5,0.7666666666666667,0.011355311355311355
2.5,1.0,465.0,26.0,0.8333333333333334,0.5,0.775,0.01098901098901099
2.5,1.0,470.0,26.0,0.8333333333333334,0.5,0.7833333333333333,0.01098901098901099
2.5,1.0,475.0,26.2,0.8333333333333334,0.5,0.7916666666666666,0.011355311355311355
2.5,1.0,480.0,25.9,0.8333333333333334,0.5,0.8,0.010805860805860804
2.5,1.0,485.0,25.7,0.8333333333333334,0.5,0.8083333333333333,0.010439560439560439
2.5,1.0,490.0,26.1,0.8333333333333334,0.5,0.8166666666666667,0.011172161172161174
2.5,1.0,495.0,26.2,0.8333333333333334,0.5,0.825,0.011355311355311355
2.5,1.0,500.0,26.9,0.8333333333333334,0.5,0.8333333333333334,0.012637362637362634
2.5,1.0,505.0,29.5,0.8333333333333334,0.5,0.8416666666666667,0.0173992673992674
2.5,1.0,510.0,27.6,0.8333333333333334,0.5,0.85,0.013919413919413922
2.5,1.0,515.0,26.0,0.8333333333333334,0.5,0.8583333333333333,0.01098901098901099
2.5,1.0,520.0,25.6,0.8333333333333334,0.5,0.8666666666666667,0.01025641025641026
2.5,1.0,525.0,27.2,0.8333333333333334,0.5,0.875,0.013186813186813185
2.5,1.0,530.0,25.8,0.8333333333333334,0.5,0.8833333333333333,0.010622710622710625
2.5,1.0,535.0,25.2,0.8333333333333334,0.5,0.8916666666666667,0.009523809523809523
2.5,1.0,540.0,24.9,0.8333333333333334,0.5,0.9,0.008974358974358972
2.5,1.0,545.0,25.3,0.8333333333333334,0.5,0.9083333333333333,0.009706959706959709
2.5,1.0,550.0,25.6,0.8333333333333334,0.5,0.9166666666666666,0.01025641025641026
2.5,1.0,555.0,24.9,0.8333333333333334,0.5,0.925,0.008974358974358972
2.5,1.0,560.0,24.8,0.8333333333333334,0.5,0.9333333333333333,0.008791208791208793
2.5,1.0,565.0,25.3,0.8333333333333334,0.5,0.9416666666666667,0.009706959706959709
2.5,1.0,570.0,25.7,0.8333333333333334,0.5,0.95,0.010439560439560439
2.5,1.0,575.0,24.8,0.8333333333333334,0.5,0.9583333333333334,0.008791208791208793
2.5,1.0,580.0,24.8,0.8333333333333334,0.5,0.9666666666666667,0.008791208791208793
2.5,1.0,585.0,25.5,0.8333333333333334,0.5,0.975,0.010073260073260074
2.5,1.0,590.0,25.4,0.8333333333333334,0.5,0.9833333333333333,0.009890109890109888
2.5,1.0,595.0,25.0,0.8333333333333334,0.5,0.9916666666666667,0.009157509157509158
2.5,1.0,600.0,24.5,0.8333333333333334,0.5,1.0,0.008241758241758242
2.5,2.0,0.0,20.0,0.8333333333333334,1.0,0.0,0.0
2.5,2.0,5.01,20.0,0.8333333333333334,1.0,0.00835,0.0
2.5,2.0,10.0,21.8,0.8333333333333334,1.0,0.016666666666666666,0.003296703296703298
2.5,2.0,15.0,56.6,0.8333333333333334,1.0,0.025,0.06703296703296703
2.5,2.0,20.0,109.0,0.8333333333333334,1.0,0.03333333333333333,0.163003663003663
2.5,2.0,25.0,200.0,0.8333333333333334,1.0,0.041666666666666664,0.32967032967032966
2.5,2.0,30.0,259.0,0.8333333333333334,1.0,0.05,0.43772893772893773
2.5,2.0,35.0,290.0,0.8333333333333334,1.0,0.058333333333333334,0.4945054945054945
2.5,2.0,40.0,309.0,0.8333333333333334,1.0,0.06666666666666667,0.5293040293040293
2.5,2.0,45.0,323.0,0.8333333333333334,1.0,0.075,0.554945054945055
2.5,2.0,50.0,347.0,0.8333333333333334,1.0,0.08333333333333333,0.5989010989010989
2.5,2.0,55.0,385.0,0.8333333333333334,1.0,0.09166666666666666,0.6684981684981685
2.5,2.0,60.0,400.0,0.8333333333333334,1.0,0.1,0.6959706959706959
2.5,2.0,65.0,399.0,0.8333333333333334,1.0,0.10833333333333334,0.6941391941391941
2.5,2.0,70.0,395.0,0.8333333333333334,1.0,0.11666666666666667,0.6868131868131868
2.5,2.0,75.0,406.0,0.8333333333333334,1.0,0.125,0.706959706959707
2.5,2.0,80.0,411.0,0.8333333333333334,1.0,0.13333333333333333,0.7161172161172161
2.5,2.0,85.0,427.0,0.8333333333333334,1.0,0.14166666666666666,0.7454212454212454
2.5,2.0,90.0,419.0,0.8333333333333334,1.0,0.15,0.7307692307692307
2.5,2.0,95.0,430.0,0.8333333333333334,1.0,0.15833333333333333,0.7509157509157509
2.5,2.0,100.0,427.0,0.8333333333333334,1.0,0.16666666666666666,0.7454212454212454
2.5,2.0,105.0,441.0,0.8333333333333334,1.0,0.175,0.7710622710622711
2.5,2.0,110.0,449.0,0.8333333333333334,1.0,0.18333333333333332,0.7857142857142857
2.5,2.0,115.0,458.0,0.8333333333333334,1.0,0.19166666666666668,0.8021978021978022
2.5,2.0,120.0,469.0,0.8333333333333334,1.0,0.2,0.8223443223443223
2.5,2.0,125.0,461.0,0.8333333333333334,1.0,0.20833333333333334,0.8076923076923077
2.5,2.0,130.0,460.0,0.8333333333333334,1.0,0.21666666666666667,0.8058608058608059
2.5,2.0,135.0,469.0,0.8333333333333334,1.0,0.225,0.8223443223443223
2.5,2.0,140.0,475.0,0.8333333333333334,1.0,0.23333333333333334,0.8333333333333334
2.5,2.0,145.0,475.0,0.8333333333333334,1.0,0.24166666666666667,0.8333333333333334
2.5,2.0,150.0,486.0,0.8333333333333334,1.0,0.25,0.8534798534798534
2.5,2.0,155.0,494.0,0.8333333333333334,1.0,0.25833333333333336,0.8681318681318682
2.5,2.0,160.0,488.0,0.8333333333333334,1.0,0.26666666666666666,0.8571428571428571
2.5,2.0,165.0,483.0,0.8333333333333334,1.0,0.275,0.847985347985348
2.5,2.0,170.0,501.0,0.8333333333333334,1.0,0.2833333333333333,0.8809523809523809
2.5,2.0,175.0,505.0,0.8333333333333334,1.0,0.2916666666666667,0.8882783882783882
2.5,2.0,180.0,508.0,0.8333333333333334,1.0,0.3,0.8937728937728938
2.5,2.0,185.0,502.0,0.8333333333333334,1.0,0.30833333333333335,0.8827838827838828
2.5,2.0,190.0,512.0,0.8333333333333334,1.0,0.31666666666666665,0.9010989010989011
2.5,2.0,195.0,526.0,0.8333333333333334,1.0,0.325,0.9267399267399268
2.5,2.0,200.0,527.0,0.8333333333333334,1.0,0.3333333333333333,0.9285714285714286
2.5,2.0,205.0,536.0,0.8333333333333334,1.0,0.3416666666666667,0.945054945054945
2.5,2.0,210.0,528.0,0.8333333333333334,1.0,0.35,0.9304029304029304
2.5,2.0,215.0,544.0,0.8333333333333334,1.0,0.35833333333333334,0.9597069597069597
2.5,2.0,220.0,566.0,0.8333333333333334,1.0,0.36666666666666664,1.0
2.5,2.0,225.0,566.0,0.8333333333333334,1.0,0.375,1.0
2.5,2.0,230.0,548.0,0.8333333333333334,1.0,0.38333333333333336,0.967032967032967
2.5,2.0,235.0,545.0,0.8333333333333334,1.0,0.39166666666666666,0.9615384615384616
2.5,2.0,240.0,540.0,0.8333333333333334,1.0,0.4,0.9523809523809523
2.5,2.0,245.0,531.0,0.8333333333333334,1.0,0.4083333333333333,0.9358974358974359
2.5,2.0,250.0,521.0,0.8333333333333334,1.0,0.4166666666666667,0.9175824175824175
2.5,2.0,255.0,498.0,0.8333333333333334,1.0,0.425,0.8754578754578755
2.5,2.0,260.0,484.0,0.8333333333333334,1.0,0.43333333333333335,0.8498168498168498
2.5,2.0,265.0,459.0,0.8333333333333334,1.0,0.44166666666666665,0.8040293040293041
2.5,2.0,270.0,436.0,0.8333333333333334,1.0,0.45,0.7619047619047619
2.5,2.0,275.0,425.0,0.8333333333333334,1.0,0.4583333333333333,0.7417582417582418
2.5,2.0,280.0,420.0,0.8333333333333334,1.0,0.4666666666666667,0.7326007326007326
2.5,2.0,285.0,412.0,0.8333333333333334,1.0,0.475,0.717948717948718
2.5,2.0,290.0,411.0,0.8333333333333334,1.0,0.48333333333333334,0.7161172161172161
2.5,2.0,295.0,412.0,0.8333333333333334,1.0,0.49166666666666664,0.717948717948718
2.5,2.0,300.0,400.0,0.8333333333333334,1.0,0.5,0.6959706959706959
2.5,2.0,305.0,392.0,0.8333333333333334,1.0,0.5083333333333333,0.6813186813186813
2.5,2.0,310.0,382.0,0.8333333333333334,1.0,0.5166666666666667,0.663003663003663
2.5,2.0,315.0,373.0,0.8333333333333334,1.0,0.525,0.6465201465201466
2.5,2.0,320.0,356.0,0.8333333333333334,1.0,0.5333333333333333,0.6153846153846154
2.5,2.0,325.0,339.0,0.8333333333333334,1.0,0.5416666666666666,0.5842490842490843
2.5,2.0,330.0,321.0,0.8333333333333334,1.0,0.55,0.5512820512820513
2.5,2.0,335.0,302.0,0.8333333333333334,1.0,0.5583333333333333,0.5164835164835165
2.5,2.0,340.0,284.0,0.8333333333333334,1.0,0.5666666666666667,0.4835164835164835
2.5,2.0,345.0,265.0,0.8333333333333334,1.0,0.575,0.44871794871794873
2.5,2.0,350.0,245.0,0.8333333333333334,1.0,0.5833333333333334,0.41208791208791207
2.5,2.0,355.0,228.0,0.8333333333333334,1.0,0.5916666666666667,0.38095238095238093
2.5,2.0,360.0,218.0,0.8333333333333334,1.0,0.6,0.3626373626373626
2.5,2.0,365.0,212.0,0.8333333333333334,1.0,0.6083333333333333,0.3516483516483517
2.5,2.0,370.0,207.0,0.8333333333333334,1.0,0.6166666666666667,0.3424908424908425
2.5,2.0,375.0,197.0,0.8333333333333334,1.0,0.625,0.3241758241758242
2.5,2.0,380.0,194.0,0.8333333333333334,1.0,0.6333333333333333,0.31868131868131866
2.5,2.0,385.0,192.0,0.8333333333333334,1.0,0.6416666666666667,0.315018315018315
2.5,2.0,390.0,189.0,0.8333333333333334,1.0,0.65,0.30952380952380953
2.5,2.0,395.0,185.0,0.8333333333333334,1.0,0.6583333333333333,0.3021978021978022
2.5,2.0,400.0,169.0,0.8333333333333334,1.0,0.6666666666666666,0.27289377289377287
2.5,2.0,405.0,164.0,0.8333333333333334,1.0,0.675,0.26373626373626374
2.5,2.0,410.0,161.0,0.8333333333333334,1.0,0.6833333333333333,0.25824175824175827
2.5,2.0,415.0,151.0,0.8333333333333334,1.0,0.6916666666666667,0.23992673992673993
2.5,2.0,420.0,146.0,0.8333333333333334,1.0,0.7,0.23076923076923078
2.5,2.0,425.0,144.0,0.8333333333333334,1.0,0.7083333333333334,0.2271062271062271
2.5,2.0,430.0,145.0,0.8333333333333334,1.0,0.7166666666666667,0.22893772893772893
2.5,2.0,435.0,145.0,0.8333333333333334,1.0,0.725,0.22893772893772893
2.5,2.0,440.0,142.0,0.8333333333333334,1.0,0.7333333333333333,0.22344322344322345
2.5,2.0,445.0,135.0,0.8333333333333334,1.0,0.7416666666666667,0.21062271062271062
2.5,2.0,450.0,128.0,0.8333333333333334,1.0,0.75,0.1978021978021978
2.5,2.0,455.0,129.0,0.8333333333333334,1.0,0.7583333333333333,0.19963369963369965
2.5,2.0,460.0,128.0,0.8333333333333334,1.0,0.7666666666666667,0.1978021978021978
2.5,2.0,465.0,128.0,0.8333333333333334,1.0,0.775,0.1978021978021978
2.5,2.0,470.0,129.0,0.8333333333333334,1.0,0.7833333333333333,0.19963369963369965
2.5,2.0,475.0,120.0,0.8333333333333334,1.0,0.7916666666666666,0.18315018315018314
2.5,2.0,480.0,117.0,0.8333333333333334,1.0,0.8,0.17765567765567766
2.5,2.0,485.0,117.0,0.8333333333333334,1.0,0.8083333333333333,0.17765567765567766
2.5,2.0,490.0,115.0,0.8333333333333334,1.0,0.8166666666666667,0.17399267399267399
2.5,2.0,495.0,111.0,0.8333333333333334,1.0,0.825,0.16666666666666666
2.5,2.0,500.0,107.0,0.8333333333333334,1.0,0.8333333333333334,0.15934065934065933
2.5,2.0,505.0,109.0,0.8333333333333334,1.0,0.8416666666666667,0.163003663003663
2.5,2.0,510.0,106.0,0.8333333333333334,1.0,0.85,0.1575091575091575
2.5,2.0,515.0,108.0,0.8333333333333334,1.0,0.8583333333333333,0.16117216117216118
2.5,2.0,520.0,104.0,0.8333333333333334,1.0,0.8666666666666667,0.15384615384615385
2.5,2.0,525.0,105.0,0.8333333333333334,1.0,0.875,0.15567765567765568
2.5,2.0,530.0,104.0,0.8333333333333334,1.0,0.8833333333333333,0.15384615384615385
2.5,2.0,535.0,104.0,0.8333333333333334,1.0,0.8916666666666667,0.15384615384615385
2.5,2.0,540.0,101.0,0.8333333333333334,1.0,0.9,0.14835164835164835
2.5,2.0,545.0,96.8,0.8333333333333334,1.0,0.9083333333333333,0.14065934065934066
2.5,2.0,550.0,96.2,0.8333333333333334,1.0,0.9166666666666666,0.13956043956043956
2.5,2.0,555.0,97.7,0.8333333333333334,1.0,0.925,0.1423076923076923
2.5,2.0,560.0,96.2,0.8333333333333334,1.0,0.9333333333333333,0.13956043956043956
2.5,2.0,565.0,91.0,0.8333333333333334,1.0,0.9416666666666667,0.13003663003663005
2.5,2.0,570.0,91.0,0.8333333333333334,1.0,0.95,0.13003663003663005
2.5,2.0,575.0,91.6,0.8333333333333334,1.0,0.9583333333333334,0.1311355311355311
2.5,2.0,580.0,90.9,0.8333333333333334,1.0,0.9666666666666667,0.12985347985347986
2.5,2.0,585.0,89.9,0.8333333333333334,1.0,0.975,0.12802197802197804
2.5,2.0,590.0,88.7,0.8333333333333334,1.0,0.9833333333333333,0.12582417582417582
2.5,2.0,595.0,87.3,0.8333333333333334,1.0,0.9916666666666667,0.12326007326007325
2.5,2.0,600.0,87.4,0.8333333333333334,1.0,1.0,0.12344322344322345
4.0,0.0,0.0,20.0,1.3333333333333333,0.0,0.0,0.0
4.0,0.0,5.01,20.0,1.3333333333333333,0.0,0.00835,0.0
4.0,0.0,10.0,20.3,1.3333333333333333,0.0,0.016666666666666666,0.0005494505494505508
4.0,0.0,15.0,20.6,1.3333333333333333,0.0,0.025,0.0010989010989011015
4.0,0.0,20.0,20.9,1.3333333333333333,0.0,0.03333333333333333,0.0016483516483516457
4.0,0.0,25.0,21.8,1.3333333333333333,0.0,0.041666666666666664,0.003296703296703298
4.0,0.0,30.0,22.5,1.3333333333333333,0.0,0.05,0.004578754578754579
4.0,0.0,35.0,22.8,1.3333333333333333,0.0,0.058333333333333334,0.00512820512820513
4.0,0.0,40.0,23.2,1.3333333333333333,0.0,0.06666666666666667,0.00586080586080586
4.0,0.0,45.0,23.5,1.3333333333333333,0.0,0.075,0.00641025641025641
4.0,0.0,50.0,24.2,1.3333333333333333,0.0,0.08333333333333333,0.007692307692307691
4.0,0.0,55.0,24.9,1.3333333333333333,0.0,0.09166666666666666,0.008974358974358972
4.0,0.0,60.0,25.7,1.3333333333333333,0.0,0.1,0.010439560439560439
4.0,0.0,65.0,26.0,1.3333333333333333,0.0,0.10833333333333334,0.01098901098901099
4.0,0.0,70.0,26.2,1.3333333333333333,0.0,0.11666666666666667,0.011355311355311355
4.0,0.0,75.0,26.4,1.3333333333333333,0.0,0.125,0.01172161172161172
4.0,0.0,80.0,26.5,1.3333333333333333,0.0,0.13333333333333333,0.011904761904761904
4.0,0.0,85.0,26.7,1.3333333333333333,0.0,0.14166666666666666,0.012271062271062269
4.0,0.0,90.0,27.1,1.3333333333333333,0.0,0.15,0.013003663003663006
4.0,0.0,95.0,27.2,1.3333333333333333,0.0,0.15833333333333333,0.013186813186813185
4.0,0.0,100.0,27.6,1.3333333333333333,0.0,0.16666666666666666,0.013919413919413922
4.0,0.0,105.0,27.9,1.3333333333333333,0.0,0.175,0.014468864468864466
4.0,0.0,110.0,28.1,1.3333333333333333,0.0,0.18333333333333332,0.014835164835164838
4.0,0.0,115.0,28.3,1.3333333333333333,0.0,0.19166666666666668,0.015201465201465203
4.0,0.0,120.0,28.6,1.3333333333333333,0.0,0.2,0.015750915750915754
4.0,0.0,125.0,29.2,1.3333333333333333,0.0,0.20833333333333334,0.01684981684981685
4.0,0.0,130.0,29.3,1.3333333333333333,0.0,0.21666666666666667,0.017032967032967035
4.0,0.0,135.0,30.4,1.3333333333333333,0.0,0.225,0.019047619047619046
4.0,0.0,140.0,30.9,1.3333333333333333,0.0,0.23333333333333334,0.019963369963369962
4.0,0.0,145.0,30.6,1.3333333333333333,0.0,0.24166666666666667,0.019413919413919418
4.0,0.0,150.0,31.3,1.3333333333333333,0.0,0.25,0.0206959706959707
4.0,0.0,155.0,31.0,1.3333333333333333,0.0,0.25833333333333336,0.020146520146520148
4.0,0.0,160.0,31.5,1.3333333333333333,0.0,0.26666666666666666,0.021062271062271064
4.0,0.0,165.0,32.0,1.3333333333333333,0.0,0.275,0.02197802197802198
4.0,0.0,170.0,32.7,1.3333333333333333,0.0,0.2833333333333333,0.023260073260073264
4.0,0.0,175.0,33.5,1.3333333333333333,0.0,0.2916666666666667,0.024725274725274724
4.0,0.0,180.0,34.3,1.3333333333333333,0.0,0.3,0.026190476190476184
4.0,0.0,185.0,33.6,1.3333333333333333,0.0,0.30833333333333335,0.02490842490842491
4.0,0.0,190.0,34.0,1.3333333333333333,0.0,0.31666666666666665,0.02564102564102564
4.0,0.0,195.0,35.1,1.3333333333333333,0.0,0.325,0.027655677655677658
4.0,0.0,200.0,34.1,1.3333333333333333,0.0,0.3333333333333333,0.025824175824175826
4.0,0.0,205.0,34.1,1.3333333333333333,0.0,0.3416666666666667,0.025824175824175826
4.0,0.0,210.0,34.4,1.3333333333333333,0.0,0.35,0.02637362637362637
4.0,0.0,215.0,35.0,1.3333333333333333,0.0,0.35833333333333334,0.027472527472527472
4.0,0.0,220.0,35.2,1.3333333333333333,0.0,0.36666666666666664,0.027838827838827844
4.0,0.0,225.0,35.9,1.3333333333333333,0.0,0.375,0.029120879120879118
4.0,0.0,230.0,35.6,1.3333333333333333,0.0,0.38333333333333336,0.028571428571428574
4.0,0.0,235.0,35.8,1.3333333333333333,0.0,0.39166666666666666,0.028937728937728932
4.0,0.0,240.0,36.9,1.3333333333333333,0.0,0.4,0.03095238095238095
4.0,0.0,245.0,38.1,1.3333333333333333,0.0,0.4083333333333333,0.03315018315018315
4.0,0.0,250.0,37.9,1.3333333333333333,0.0,0.4166666666666667,0.03278388278388278
4.0,0.0,255.0,38.7,1.3333333333333333,0.0,0.425,0.03424908424908425
4.0,0.0,260.0,37.8,1.3333333333333333,0.0,0.43333333333333335,0.032600732600732596
4.0,0.0,265.0,35.9,1.3333333333333333,0.0,0.44166666666666665,0.029120879120879118
4.0,0.0,270.0,34.8,1.3333333333333333,0.0,0.45,0.0271062271062271
4.0,0.0,275.0,34.0,1.3333333333333333,0.0,0.4583333333333333,0.02564102564102564
4.0,0.0,280.0,33.3,1.3333333333333333,0.0,0.4666666666666667,0.024358974358974352
4.0,0.0,285.0,33.5,1.3333333333333333,0.0,0.475,0.024725274725274724
4.0,0.0,290.0,34.2,1.3333333333333333,0.0,0.48333333333333334,0.026007326007326012
4.0,0.0,295.0,34.2,1.3333333333333333,0.0,0.49166666666666664,0.026007326007326012
4.0,0.0,300.0,33.7,1.3333333333333333,0.0,0.5,0.025091575091575096
4.0,0.0,305.0,33.7,1.3333333333333333,0.0,0.5083333333333333,0.025091575091575096
4.0,0.0,310.0,33.3,1.3333333333333333,0.0,0.5166666666666667,0.024358974358974352
4.0,0.0,315.0,33.0,1.3333333333333333,0.0,0.525,0.023809523809523808
4.0,0.0,320.0,32.6,1.3333333333333333,0.0,0.5333333333333333,0.023076923076923078
4.0,0.0,325.0,31.9,1.3333333333333333,0.0,0.5416666666666666,0.021794871794871794
4.0,0.0,330.0,31.3,1.3333333333333333,0.0,0.55,0.0206959706959707
4.0,0.0,335.0,30.6,1.3333333333333333,0.0,0.5583333333333333,0.019413919413919418
4.0,0.0,340.0,30.2,1.3333333333333333,0.0,0.5666666666666667,0.01868131868131868
4.0,0.0,345.0,29.9,1.3333333333333333,0.0,0.575,0.01813186813186813
4.0,0.0,350.0,29.5,1.3333333333333333,0.0,0.5833333333333334,0.0173992673992674
4.0,0.0,355.0,29.1,1.3333333333333333,0.0,0.5916666666666667,0.01666666666666667
4.0,0.0,360.0,28.7,1.3333333333333333,0.0,0.6,0.015934065934065933
4.0,0.0,365.0,28.4,1.3333333333333333,0.0,0.6083333333333333,0.015384615384615382
4.0,0.0,370.0,28.6,1.3333333333333333,0.0,0.6166666666666667,0.015750915750915754
4.0,0.0,375.0,28.5,1.3333333333333333,0.0,0.625,0.015567765567765568
4.0,0.0,380.0,28.8,1.3333333333333333,0.0,0.6333333333333333,0.01611721611721612
4.0,0.0,385.0,28.8,1.3333333333333333,0.0,0.6416666666666667,0.01611721611721612
4.0,0.0,390.0,28.5,1.3333333333333333,0.0,0.65,0.015567765567765568
4.0,0.0,395.0,27.9,1.3333333333333333,0.0,0.6583333333333333,0.014468864468864466
4.0,0.0,400.0,28.1,1.3333333333333333,0.0,0.6666666666666666,0.014835164835164838
4.0,0.0,405.0,27.9,1.3333333333333333,0.0,0.675,0.014468864468864466
4.0,0.0,410.0,27.7,1.3333333333333333,0.0,0.6833333333333333,0.014102564102564101
4.0,0.0,415.0,28.0,1.3333333333333333,0.0,0.6916666666666667,0.014652014652014652
4.0,0.0,420.0,27.8,1.3333333333333333,0.0,0.7,0.014285714285714287
4.0,0.0,425.0,27.7,1.3333333333333333,0.0,0.7083333333333334,0.014102564102564101
4.0,0.0,430.0,27.6,1.3333333333333333,0.0,0.7166666666666667,0.013919413919413922
4.0,0.0,435.0,27.4,1.3333333333333333,0.0,0.725,0.01355311355311355
4.0,0.0,440.0,27.4,1.3333333333333333,0.0,0.7333333333333333,0.01355311355311355
4.0,0.0,445.0,27.0,1.3333333333333333,0.0,0.7416666666666667,0.01282051282051282
4.0,0.0,450.0,26.9,1.3333333333333333,0.0,0.75,0.012637362637362634
4.0,0.0,455.0,27.0,1.3333333333333333,0.0,0.7583333333333333,0.01282051282051282
4.0,0.0,460.0,26.9,1.3333333333333333,0.0,0.7666666666666667,0.012637362637362634
4.0,0.0,465.0,27.0,1.3333333333333333,0.0,0.775,0.01282051282051282
4.0,0.0,470.0,26.5,1.3333333333333333,0.0,0.7833333333333333,0.011904761904761904
4.0,0.0,475.0,26.6,1.3333333333333333,0.0,0.7916666666666666,0.01208791208791209
4.0,0.0,480.0,26.5,1.3333333333333333,0.0,0.8,0.011904761904761904
4.0,0.0,485.0,26.6,1.3333333333333333,0.0,0.8083333333333333,0.01208791208791209
4.0,0.0,490.0,26.3,1.3333333333333333,0.0,0.8166666666666667,0.011538461538461539
4.0,0.0,495.0,26.3,1.3333333333333333,0.0,0.825,0.011538461538461539
4.0,0.0,500.0,26.4,1.3333333333333333,0.0,0.8333333333333334,0.01172161172161172
4.0,0.0,505.0,26.1,1.3333333333333333,0.0,0.8416666666666667,0.011172161172161174
4.0,0.0,510.0,26.3,1.3333333333333333,0.0,0.85,0.011538461538461539
4.0,0.0,515.0,26.3,1.3333333333333333,0.0,0.8583333333333333,0.011538461538461539
4.0,0.0,520.0,26.3,1.3333333333333333,0.0,0.8666666666666667,0.011538461538461539
4.0,0.0,525.0,26.4,1.3333333333333333,0.0,0.875,0.01172161172161172
4.0,0.0,530.0,26.1,1.3333333333333333,0.0,0.8833333333333333,0.011172161172161174
4.0,0.0,535.0,26.5,1.3333333333333333,0.0,0.8916666666666667,0.011904761904761904
4.0,0.0,540.0,26.5,1.3333333333333333,0.0,0.9,0.011904761904761904
4.0,0.0,545.0,26.0,1.3333333333333333,0.0,0.9083333333333333,0.01098901098901099
4.0,0.0,550.0,25.6,1.3333333333333333,0.0,0.9166666666666666,0.01025641025641026
4.0,0.0,555.0,25.5,1.3333333333333333,0.0,0.925,0.010073260073260074
4.0,0.0,560.0,25.5,1.3333333333333333,0.0,0.9333333333333333,0.010073260073260074
4.0,0.0,565.0,25.6,1.3333333333333333,0.0,0.9416666666666667,0.01025641025641026
4.0,0.0,570.0,25.4,1.3333333333333333,0.0,0.95,0.009890109890109888
4.0,0.0,575.0,25.3,1.3333333333333333,0.0,0.9583333333333334,0.009706959706959709
4.0,0.0,580.0,25.5,1.3333333333333333,0.0,0.9666666666666667,0.010073260073260074
4.0,0.0,585.0,25.2,1.3333333333333333,0.0,0.975,0.009523809523809523
4.0,0.0,590.0,25.2,1.3333333333333333,0.0,0.9833333333333333,0.009523809523809523
4.0,0.0,595.0,25.0,1.3333333333333333,0.0,0.9916666666666667,0.009157509157509158
4.0,0.0,600.0,25.3,1.3333333333333333,0.0,1.0,0.009706959706959709
4.0,1.0,0.0,20.0,1.3333333333333333,0.5,0.0,0.0
4.0,1.0,5.01,20.0,1.3333333333333333,0.5,0.00835,0.0
4.0,1.0,10.0,20.2,1.3333333333333333,0.5,0.016666666666666666,0.000366300366300365
4.0,1.0,15.0,26.0,1.3333333333333333,0.5,0.025,0.01098901098901099
4.0,1.0,20.0,24.1,1.3333333333333333,0.5,0.03333333333333333,0.007509157509157512
4.0,1.0,25.0,26.4,1.3333333333333333,0.5,0.041666666666666664,0.01172161172161172
4.0,1.0,30.0,26.8,1.3333333333333333,0.5,0.05,0.012454212454212455
4.0,1.0,35.0,28.5,1.3333333333333333,0.5,0.058333333333333334,0.015567765567765568
4.0,1.0,40.0,30.8,1.3333333333333333,0.5,0.06666666666666667,0.019780219780219783
4.0,1.0,45.0,33.2,1.3333333333333333,0.5,0.075,0.02417582417582418
4.0,1.0,50.0,36.6,1.3333333333333333,0.5,0.08333333333333333,0.030402930402930406
4.0,1.0,55.0,40.3,1.3333333333333333,0.5,0.09166666666666666,0.03717948717948717
4.0,1.0,60.0,46.2,1.3333333333333333,0.5,0.1,0.04798534798534799
4.0,1.0,65.0,48.3,1.3333333333333333,0.5,0.10833333333333334,0.05183150183150183
4.0,1.0,70.0,49.7,1.3333333333333333,0.5,0.11666666666666667,0.054395604395604404
4.0,1.0,75.0,53.7,1.3333333333333333,0.5,0.125,0.061721611721611724
4.0,1.0,80.0,52.1,1.3333333333333333,0.5,0.13333333333333333,0.05879120879120879
4.0,1.0,85.0,51.7,1.3333333333333333,0.5,0.14166666666666666,0.05805860805860806
4.0,1.0,90.0,51.1,1.3333333333333333,0.5,0.15,0.056959706959706966
4.0,1.0,95.0,59.4,1.3333333333333333,0.5,0.15833333333333333,0.07216117216117215
4.0,1.0,100.0,67.0,1.3333333333333333,0.5,0.16666666666666666,0.08608058608058608
4.0,1.0,105.0,62.4,1.3333333333333333,0.5,0.175,0.07765567765567766
4.0,1.0,110.0,62.8,1.3333333333333333,0.5,0.18333333333333332,0.07838827838827839
4.0,1.0,115.0,67.3,1.3333333333333333,0.5,0.19166666666666668,0.08663003663003663
4.0,1.0,120.0,69.5,1.3333333333333333,0.5,0.2,0.09065934065934066
4.0,1.0,125.0,73.2,1.3333333333333333,0.5,0.20833333333333334,0.09743589743589744
4.0,1.0,130.0,75.7,1.3333333333333333,0.5,0.21666666666666667,0.10201465201465201
4.0,1.0,135.0,76.9,1.3333333333333333,0.5,0.225,0.10421245421245422
4.0,1.0,140.0,74.7,1.3333333333333333,0.5,0.23333333333333334,0.10018315018315019
4.0,1.0,145.0,79.6,1.3333333333333333,0.5,0.24166666666666667,0.10915750915750914
4.0,1.0,150.0,81.1,1.3333333333333333,0.5,0.25,0.1119047619047619
4.0,1.0,155.0,81.7,1.3333333333333333,0.5,0.25833333333333336,0.113003663003663
4.0,1.0,160.0,86.0,1.3333333333333333,0.5,0.26666666666666666,0.12087912087912088
4.0,1.0,165.0,89.3,1.3333333333333333,0.5,0.275,0.12692307692307692
4.0,1.0,170.0,91.1,1.3333333333333333,0.5,0.2833333333333333,0.1302197802197802
4.0,1.0,175.0,97.8,1.3333333333333333,0.5,0.2916666666666667,0.14249084249084248
4.0,1.0,180.0,94.2,1.3333333333333333,0.5,0.3,0.13589743589743591
4.0,1.0,185.0,98.1,1.3333333333333333,0.5,0.30833333333333335,0.14304029304029303
4.0,1.0,190.0,101.0,1.3333333333333333,0.5,0.31666666666666665,0.14835164835164835
4.0,1.0,195.0,99.9,1.3333333333333333,0.5,0.325,0.14633699633699634
4.0,1.0,200.0,105.0,1.3333333333333333,0.5,0.3333333333333333,0.15567765567765568
4.0,1.0,205.0,115.0,1.3333333333333333,0.5,0.3416666666666667,0.17399267399267399
4.0,1.0,210.0,110.0,1.3333333333333333,0.5,0.35,0.16483516483516483
4.0,1.0,215.0,114.0,1.3333333333333333,0.5,0.35833333333333334,0.17216117216117216
4.0,1.0,220.0,112.0,1.3333333333333333,0.5,0.36666666666666664,0.1684981684981685
4.0,1.0,225.0,114.0,1.3333333333333333,0.5,0.375,0.17216117216117216
4.0,1.0,230.0,128.0,1.3333333333333333,0.5,0.38333333333333336,0.1978021978021978
4.0,1.0,235.0,139.0,1.3333333333333333,0.5,0.39166666666666666,0.21794871794871795
4.0,1.0,240.0,128.0,1.3333333333333333,0.5,0.4,0.1978021978021978
4.0,1.0,245.0,121.0,1.3333333333333333,0.5,0.4083333333333333,0.184981684981685
4.0,1.0,250.0,143.0,1.3333333333333333,0.5,0.4166666666666667,0.22527472527472528
4.0,1.0,255.0,149.0,1.3333333333333333,0.5,0.425,0.23626373626373626
4.0,1.0,260.0,156.0,1.3333333333333333,0.5,0.43333333333333335,0.2490842490842491
4.0,1.0,265.0,166.0,1.3333333333333333,0.5,0.44166666666666665,0.2673992673992674
4.0,1.0,270.0,137.0,1.3333333333333333,0.5,0.45,0.21428571428571427
4.0,1.0,275.0,121.0,1.3333333333333333,0.5,0.4583333333333333,0.184981684981685
4.0,1.0,280.0,114.0,1.3333333333333333,0.5,0.4666666666666667,0.17216117216117216
4.0,1.0,285.0,116.0,1.3333333333333333,0.5,0.475,0.17582417582417584
4.0,1.0,290.0,112.0,1.3333333333333333,0.5,0.48333333333333334,0.1684981684981685
4.0,1.0,295.0,115.0,1.3333333333333333,0.5,0.49166666666666664,0.17399267399267399
4.0,1.0,300.0,131.0,1.3333333333333333,0.5,0.5,0.2032967032967033
4.0,1.0,305.0,117.0,1.3333333333333333,0.5,0.5083333333333333,0.17765567765567766
4.0,1.0,310.0,95.5,1.3333333333333333,0.5,0.5166666666666667,0.1382783882783883
4.0,1.0,315.0,102.0,1.3333333333333333,0.5,0.525,0.15018315018315018
4.0,1.0,320.0,92.1,1.3333333333333333,0.5,0.5333333333333333,0.13205128205128205
4.0,1.0,325.0,85.0,1.3333333333333333,0.5,0.5416666666666666,0.11904761904761904
4.0,1.0,330.0,80.6,1.3333333333333333,0.5,0.55,0.11098901098901098
4.0,1.0,335.0,76.3,1.3333333333333333,0.5,0.5583333333333333,0.10311355311355311
4.0,1.0,340.0,66.0,1.3333333333333333,0.5,0.5666666666666667,0.08424908424908426
4.0,1.0,345.0,59.3,1.3333333333333333,0.5,0.575,0.07197802197802197
4.0,1.0,350.0,57.5,1.3333333333333333,0.5,0.5833333333333334,0.06868131868131869
4.0,1.0,355.0,51.7,1.3333333333333333,0.5,0.5916666666666667,0.05805860805860806
4.0,1.0,360.0,48.1,1.3333333333333333,0.5,0.6,0.05146520146520147
4.0,1.0,365.0,48.2,1.3333333333333333,0.5,0.6083333333333333,0.05164835164835165
4.0,1.0,370.0,52.3,1.3333333333333333,0.5,0.6166666666666667,0.059157509157509156
4.0,1.0,375.0,52.3,1.3333333333333333,0.5,0.625,0.059157509157509156
4.0,1.0,380.0,53.7,1.3333333333333333,0.5,0.6333333333333333,0.061721611721611724
4.0,1.0,385.0,51.1,1.3333333333333333,0.5,0.6416666666666667,0.056959706959706966
4.0,1.0,390.0,50.3,1.3333333333333333,0.5,0.65,0.05549450549450549
4.0,1.0,395.0,51.0,1.3333333333333333,0.5,0.6583333333333333,0.056776556776556776
4.0,1.0,400.0,50.2,1.3333333333333333,0.5,0.6666666666666666,0.055311355311355316
4.0,1.0,405.0,48.9,1.3333333333333333,0.5,0.675,0.05293040293040293
4.0,1.0,410.0,47.7,1.3333333333333333,0.5,0.6833333333333333,0.05073260073260074
4.0,1.0,415.0,49.9,1.3333333333333333,0.5,0.6916666666666667,0.05476190476190476
4.0,1.0,420.0,50.9,1.3333333333333333,0.5,0.7,0.056593406593406594
4.0,1.0,425.0,50.5,1.3333333333333333,0.5,0.7083333333333334,0.055860805860805864
4.0,1.0,430.0,45.6,1.3333333333333333,0.5,0.7166666666666667,0.046886446886446886
4.0,1.0,435.0,45.7,1.3333333333333333,0.5,0.725,0.047069597069597076
4.0,1.0,440.0,47.6,1.3333333333333333,0.5,0.7333333333333333,0.05054945054945055
4.0,1.0,445.0,49.3,1.3333333333333333,0.5,0.7416666666666667,0.05366300366300366
4.0,1.0,450.0,46.8,1.3333333333333333,0.5,0.75,0.049084249084249076
4.0,1.0,455.0,46.4,1.3333333333333333,0.5,0.7583333333333333,0.048351648351648346
4.0,1.0,460.0,45.1,1.3333333333333333,0.5,0.7666666666666667,0.045970695970695974
4.0,1.0,465.0,45.2,1.3333333333333333,0.5,0.775,0.046153846153846156
4.0,1.0,470.0,43.6,1.3333333333333333,0.5,0.7833333333333333,0.04322344322344323
4.0,1.0,475.0,42.0,1.3333333333333333,0.5,0.7916666666666666,0.040293040293040296
4.0,1.0,480.0,42.1,1.3333333333333333,0.5,0.8,0.04047619047619048
4.0,1.0,485.0,40.1,1.3333333333333333,0.5,0.8083333333333333,0.036813186813186814
4.0,1.0,490.0,40.4,1.3333333333333333,0.5,0.8166666666666667,0.03736263736263736
4.0,1.0,495.0,40.0,1.3333333333333333,0.5,0.825,0.03663003663003663
4.0,1.0,500.0,41.0,1.3333333333333333,0.5,0.8333333333333334,0.038461538461538464
4.0,1.0,505.0,41.1,1.3333333333333333,0.5,0.8416666666666667,0.038644688644688646
4.0,1.0,510.0,40.4,1.3333333333333333,0.5,0.85,0.03736263736263736
4.0,1.0,515.0,39.8,1.3333333333333333,0.5,0.8583333333333333,0.03626373626373626
4.0,1.0,520.0,40.2,1.3333333333333333,0.5,0.8666666666666667,0.036996336996337004
4.0,1.0,525.0,39.9,1.3333333333333333,0.5,0.875,0.03644688644688644
4.0,1.0,530.0,40.5,1.3333333333333333,0.5,0.8833333333333333,0.037545787545787544
4.0,1.0,535.0,39.7,1.3333333333333333,0.5,0.8916666666666667,0.036080586080586084
4.0,1.0,540.0,40.2,1.3333333333333333,0.5,0.9,0.036996336996337004
4.0,1.0,545.0,41.6,1.3333333333333333,0.5,0.9083333333333333,0.039560439560439566
4.0,1.0,550.0,40.7,1.3333333333333333,0.5,0.9166666666666666,0.037912087912087916
4.0,1.0,555.0,38.8,1.3333333333333333,0.5,0.925,0.03443223443223443
4.0,1.0,560.0,38.4,1.3333333333333333,0.5,0.9333333333333333,0.0336996336996337
4.0,1.0,565.0,39.2,1.3333333333333333,0.5,0.9416666666666667,0.03516483516483517
4.0,1.0,570.0,40.1,1.3333333333333333,0.5,0.95,0.036813186813186814
4.0,1.0,575.0,39.2,1.3333333333333333,0.5,0.9583333333333334,0.03516483516483517
4.0,1.0,580.0,39.0,1.3333333333333333,0.5,0.9666666666666667,0.0347985347985348
4.0,1.0,585.0,37.7,1.3333333333333333,0.5,0.975,0.03241758241758242
4.0,1.0,590.0,37.1,1.3333333333333333,0.5,0.9833333333333333,0.03131868131868132
4.0,1.0,595.0,36.1,1.3333333333333333,0.5,0.9916666666666667,0.02948717948717949
4.0,1.0,600.0,35.9,1.3333333333333333,0.5,1.0,0.029120879120879118
4.0,2.0,0.0,20.0,1.3333333333333333,1.0,0.0,0.0
4.0,2.0,5.01,20.0,1.3333333333333333,1.0,0.00835,0.0
4.0,2.0,10.0,21.5,1.3333333333333333,1.0,0.016666666666666666,0.0027472527472527475
4.0,2.0,15.0,64.7,1.3333333333333333,1.0,0.025,0.08186813186813187
4.0,2.0,20.0,119.0,1.3333333333333333,1.0,0.03333333333333333,0.1813186813186813
4.0,2.0,25.0,209.0,1.3333333333333333,1.0,0.041666666666666664,0.34615384615384615
4.0,2.0,30.0,277.0,1.3333333333333333,1.0,0.05,0.4706959706959707
4.0,2.0,35.0,308.0,1.3333333333333333,1.0,0.058333333333333334,0.5274725274725275
4.0,2.0,40.0,316.0,1.3333333333333333,1.0,0.06666666666666667,0.5421245421245421
4.0,2.0,45.0,327.0,1.3333333333333333,1.0,0.075,0.5622710622710623
4.0,2.0,50.0,345.0,1.3333333333333333,1.0,0.08333333333333333,0.5952380952380952
4.0,2.0,55.0,360.0,1.3333333333333333,1.0,0.09166666666666666,0.6227106227106227
4.0,2.0,60.0,386.0,1.3333333333333333,1.0,0.1,0.6703296703296703
4.0,2.0,65.0,387.0,1.3333333333333333,1.0,0.10833333333333334,0.6721611721611722
4.0,2.0,70.0,395.0,1.3333333333333333,1.0,0.11666666666666667,0.6868131868131868
4.0,2.0,75.0,397.0,1.3333333333333333,1.0,0.125,0.6904761904761905
4.0,2.0,80.0,399.0,1.3333333333333333,1.0,0.13333333333333333,0.6941391941391941
4.0,2.0,85.0,409.0,1.3333333333333333,1.0,0.14166666666666666,0.7124542124542125
4.0,2.0,90.0,403.0,1.3333333333333333,1.0,0.15,0.7014652014652014
4.0,2.0,95.0,404.0,1.3333333333333333,1.0,0.15833333333333333,0.7032967032967034
4.0,2.0,100.0,417.0,1.3333333333333333,1.0,0.16666666666666666,0.7271062271062271
4.0,2.0,105.0,416.0,1.3333333333333333,1.0,0.175,0.7252747252747253
4.0,2.0,110.0,424.0,1.3333333333333333,1.0,0.18333333333333332,0.73992673992674
4.0,2.0,115.0,417.0,1.3333333333333333,1.0,0.19166666666666668,0.7271062271062271
4.0,2.0,120.0,414.0,1.3333333333333333,1.0,0.2,0.7216117216117216
4.0,2.0,125.0,419.0,1.3333333333333333,1.0,0.20833333333333334,0.7307692307692307
4.0,2.0,130.0,427.0,1.3333333333333333,1.0,0.21666666666666667,0.7454212454212454
4.0,2.0,135.0,432.0,1.3333333333333333,1.0,0.225,0.7545787545787546
4.0,2.0,140.0,428.0,1.3333333333333333,1.0,0.23333333333333334,0.7472527472527473
4.0,2.0,145.0,439.0,1.3333333333333333,1.0,0.24166666666666667,0.7673992673992674
4.0,2.0,150.0,452.0,1.3333333333333333,1.0,0.25,0.7912087912087912
4.0,2.0,155.0,438.0,1.3333333333333333,1.0,0.25833333333333336,0.7655677655677655
4.0,2.0,160.0,449.0,1.3333333333333333,1.0,0.26666666666666666,0.7857142857142857
4.0,2.0,165.0,461.0,1.3333333333333333,1.0,0.275,0.8076923076923077
4.0,2.0,170.0,465.0,1.3333333333333333,1.0,0.2833333333333333,0.815018315018315
4.0,2.0,175.0,457.0,1.3333333333333333,1.0,0.2916666666666667,0.8003663003663004
4.0,2.0,180.0,470.0,1.3333333333333333,1.0,0.3,0.8241758241758241
4.0,2.0,185.0,472.0,1.3333333333333333,1.0,0.30833333333333335,0.8278388278388278
4.0,2.0,190.0,470.0,1.3333333333333333,1.0,0.31666666666666665,0.8241758241758241
4.0,2.0,195.0,482.0,1.3333333333333333,1.0,0.325,0.8461538461538461
4.0,2.0,200.0,489.0,1.3333333333333333,1.0,0.3333333333333333,0.8589743589743589
4.0,2.0,205.0,486.0,1.3333333333333333,1.0,0.3416666666666667,0.8534798534798534
4.0,2.0,210.0,482.0,1.3333333333333333,1.0,0.35,0.8461538461538461
4.0,2.0,215.0,497.0,1.3333333333333333,1.0,0.35833333333333334,0.8736263736263736
4.0,2.0,220.0,496.0,1.3333333333333333,1.0,0.36666666666666664,0.8717948717948718
4.0,2.0,225.0,501.0,1.3333333333333333,1.0,0.375,0.8809523809523809
4.0,2.0,230.0,502.0,1.3333333333333333,1.0,0.38333333333333336,0.8827838827838828
4.0,2.0,235.0,492.0,1.3333333333333333,1.0,0.39166666666666666,0.8644688644688645
4.0,2.0,240.0,478.0,1.3333333333333333,1.0,0.4,0.8388278388278388
4.0,2.0,245.0,471.0,1.3333333333333333,1.0,0.4083333333333333,0.826007326007326
4.0,2.0,250.0,486.0,1.3333333333333333,1.0,0.4166666666666667,0.8534798534798534
4.0,2.0,255.0,482.0,1.3333333333333333,1.0,0.425,0.8461538461538461
4.0,2.0,260.0,470.0,1.3333333333333333,1.0,0.43333333333333335,0.8241758241758241
4.0,2.0,265.0,448.0,1.3333333333333333,1.0,0.44166666666666665,0.7838827838827839
4.0,2.0,270.0,429.0,1.3333333333333333,1.0,0.45,0.7490842490842491
4.0,2.0,275.0,407.0,1.3333333333333333,1.0,0.4583333333333333,0.7087912087912088
4.0,2.0,280.0,401.0,1.3333333333333333,1.0,0.4666666666666667,0.6978021978021978
4.0,2.0,285.0,398.0,1.3333333333333333,1.0,0.475,0.6923076923076923
4.0,2.0,290.0,388.0,1.3333333333333333,1.0,0.48333333333333334,0.673992673992674
4.0,2.0,295.0,391.0,1.3333333333333333,1.0,0.49166666666666664,0.6794871794871795
4.0,2.0,300.0,386.0,1.3333333333333333,1.0,0.5,0.6703296703296703
4.0,2.0,305.0,372.0,1.3333333333333333,1.0,0.5083333333333333,0.6446886446886447
4.0,2.0,310.0,367.0,1.3333333333333333,1.0,0.5166666666666667,0.6355311355311355
4.0,2.0,315.0,353.0,1.3333333333333333,1.0,0.525,0.6098901098901099
4.0,2.0,320.0,352.0,1.3333333333333333,1.0,0.5333333333333333,0.608058608058608
4.0,2.0,325.0,332.0,1.3333333333333333,1.0,0.5416666666666666,0.5714285714285714
4.0,2.0,330.0,313.0,1.3333333333333333,1.0,0.55,0.5366300366300366
4.0,2.0,335.0,294.0,1.3333333333333333,1.0,0.5583333333333333,0.5018315018315018
4.0,2.0,340.0,280.0,1.3333333333333333,1.0,0.5666666666666667,0.47619047619047616
4.0,2.0,345.0,264.0,1.3333333333333333,1.0,0.575,0.4468864468864469
4.0,2.0,350.0,254.0,1.3333333333333333,1.0,0.5833333333333334,0.42857142857142855
4.0,2.0,355.0,235.0,1.3333333333333333,1.0,0.5916666666666667,0.39377289377289376
4.0,2.0,360.0,223.0,1.3333333333333333,1.0,0.6,0.3717948717948718
4.0,2.0,365.0,204.0,1.3333333333333333,1.0,0.6083333333333333,0.336996336996337
4.0,2.0,370.0,169.0,1.3333333333333333,1.0,0.6166666666666667,0.27289377289377287
4.0,2.0,375.0,151.0,1.3333333333333333,1.0,0.625,0.23992673992673993
4.0,2.0,380.0,151.0,1.3333333333333333,1.0,0.6333333333333333,0.23992673992673993
4.0,2.0,385.0,150.0,1.3333333333333333,1.0,0.6416666666666667,0.23809523809523808
4.0,2.0,390.0,135.0,1.3333333333333333,1.0,0.65,0.21062271062271062
4.0,2.0,395.0,119.0,1.3333333333333333,1.0,0.6583333333333333,0.1813186813186813
4.0,2.0,400.0,113.0,1.3333333333333333,1.0,0.6666666666666666,0.17032967032967034
4.0,2.0,405.0,116.0,1.3333333333333333,1.0,0.675,0.17582417582417584
4.0,2.0,410.0,116.0,1.3333333333333333,1.0,0.6833333333333333,0.17582417582417584
4.0,2.0,415.0,115.0,1.3333333333333333,1.0,0.6916666666666667,0.17399267399267399
4.0,2.0,420.0,113.0,1.3333333333333333,1.0,0.7,0.17032967032967034
4.0,2.0,425.0,112.0,1.3333333333333333,1.0,0.7083333333333334,0.1684981684981685
4.0,2.0,430.0,112.0,1.3333333333333333,1.0,0.7166666666666667,0.1684981684981685
4.0,2.0,435.0,107.0,1.3333333333333333,1.0,0.725,0.15934065934065933
4.0,2.0,440.0,106.0,1.3333333333333333,1.0,0.7333333333333333,0.1575091575091575
4.0,2.0,445.0,106.0,1.3333333333333333,1.0,0.7416666666666667,0.1575091575091575
4.0,2.0,450.0,103.0,1.3333333333333333,1.0,0.75,0.152014652014652
4.0,2.0,455.0,102.0,1.3333333333333333,1.0,0.7583333333333333,0.15018315018315018
4.0,2.0,460.0,103.0,1.3333333333333333,1.0,0.7666666666666667,0.152014652014652
4.0,2.0,465.0,95.3,1.3333333333333333,1.0,0.775,0.1379120879120879
4.0,2.0,470.0,93.3,1.3333333333333333,1.0,0.7833333333333333,0.13424908424908424
4.0,2.0,475.0,90.3,1.3333333333333333,1.0,0.7916666666666666,0.12875457875457874
4.0,2.0,480.0,83.4,1.3333333333333333,1.0,0.8,0.11611721611721612
4.0,2.0,485.0,83.3,1.3333333333333333,1.0,0.8083333333333333,0.11593406593406592
4.0,2.0,490.0,89.5,1.3333333333333333,1.0,0.8166666666666667,0.12728937728937728
4.0,2.0,495.0,90.0,1.3333333333333333,1.0,0.825,0.1282051282051282
4.0,2.0,500.0,87.4,1.3333333333333333,1.0,0.8333333333333334,0.12344322344322345
4.0,2.0,505.0,85.5,1.3333333333333333,1.0,0.8416666666666667,0.11996336996336997
4.0,2.0,510.0,84.5,1.3333333333333333,1.0,0.85,0.11813186813186813
4.0,2.0,515.0,84.7,1.3333333333333333,1.0,0.8583333333333333,0.11849816849816851
4.0,2.0,520.0,81.4,1.3333333333333333,1.0,0.8666666666666667,0.11245421245421247
4.0,2.0,525.0,81.5,1.3333333333333333,1.0,0.875,0.11263736263736264
4.0,2.0,530.0,81.9,1.3333333333333333,1.0,0.8833333333333333,0.11336996336996338
4.0,2.0,535.0,81.7,1.3333333333333333,1.0,0.8916666666666667,0.113003663003663
4.0,2.0,540.0,82.0,1.3333333333333333,1.0,0.9,0.11355311355311355
4.0,2.0,545.0,79.8,1.3333333333333333,1.0,0.9083333333333333,0.10952380952380952
4.0,2.0,550.0,74.6,1.3333333333333333,1.0,0.9166666666666666,0.09999999999999999
4.0,2.0,555.0,76.7,1.3333333333333333,1.0,0.925,0.10384615384615385
4.0,2.0,560.0,79.2,1.3333333333333333,1.0,0.9333333333333333,0.10842490842490843
4.0,2.0,565.0,77.6,1.3333333333333333,1.0,0.9416666666666667,0.10549450549450548
4.0,2.0,570.0,76.2,1.3333333333333333,1.0,0.95,0.10293040293040294
4.0,2.0,575.0,70.6,1.3333333333333333,1.0,0.9583333333333334,0.09267399267399266
4.0,2.0,580.0,72.4,1.3333333333333333,1.0,0.9666666666666667,0.09597069597069598
4.0,2.0,585.0,70.6,1.3333333333333333,1.0,0.975,0.09267399267399266
4.0,2.0,590.0,70.5,1.3333333333333333,1.0,0.9833333333333333,0.0924908424908425
4.0,2.0,595.0,68.5,1.3333333333333333,1.0,0.9916666666666667,0.08882783882783883
4.0,2.0,600.0,68.9,1.3333333333333333,1.0,1.0,0.08956043956043958
